﻿ExecutionTime,RSPandMIDetailReport
Report Generated At 10/01/2026  06:03:58,Generated/Printed Cash Memo List

SLNo,AreaDescription,eKYCOperatorId,eKYCOperatorName,BookDate,CashMemoStatus,CashMemoDate,CashMemoNo,PtdDay,ConsumerNumber,ConsumerName,Address1,Address2,Address3,MobileNumber,IsRescheduled
1,SHIVSHAKTI COLO,EO18761810000007,VISHWAS BHORE,01/01/2026,Cash Memo Printed,03/01/2026,45121,Any Day,31919147,KAMBLE VIDYA T,"PLOT NO.91,SHIVSHKTI","COLONY,JAYSINGPUR",TAL-SHIROL DIST-KOLHAPUR,9423825531,Rescheduled
2,DANOLI,EO18761810000003,RAJESH,07/01/2026,Cash Memo Printed,08/01/2026,45901,Any Day,33446625,NADAF YASIN RASUL,DANOLI,UMAJI NAGAR,,9890610425,Rescheduled
3,SHAHUNAGAR,EO18761810000007,VISHWAS BHORE,08/01/2026,Cash Memo Printed,10/01/2026,46054,Any Day,40966405,KAMBLE VASANTI DAYANAND,PLOT NO.51/2.,CHAND TARA MASHID SIDE,BEGHAR VASAHATJAYSINGPUR.,8275604265,
4,SHAHUNAGAR,EO18761810000007,VISHWAS BHORE,09/01/2026,Cash Memo Printed,10/01/2026,46078,Any Day,40966852,Miss ASHWINI C PATIL,CHANDRAKAN NEVAS,AKKOLE HOSIPITAL  JAVAL,KOLHAPUR Maharashtra,9011012657,
5,SHAHUNAGAR,EO18761810000007,VISHWAS BHORE,06/01/2026,Cash Memo Printed,07/01/2026,45763,Any Day,40968092,BARDIYA KIRAN VIJAYCHAND,SHAHU NAGAR,GANPATI MANDIR JAVAL,NAVKAR BANGALA,9860286616,Rescheduled
6,SHAHUNAGAR,EO18761810000007,VISHWAS BHORE,05/01/2026,Cash Memo Printed,07/01/2026,45727,Any Day,40969026,Mrs ANUPAMA S AWATI,ANUPAMA NEVAS,KUMBHAR GALLY NEAR HANKUR,KOLHAPUR Maharashtra,9604543134,Rescheduled
7,SHAHUNAGAR,EO18761810000007,VISHWAS BHORE,10/01/2026,Cash Memo Printed,10/01/2026,46090,Any Day,40969472,MR. VILAS D MALAP,104 H NO 104,NAIKABA  CORNAR BEGHAR  R,KOLHAPUR MAHARASHTRA Maha,9623455026,
8,SHAHUNAGAR,EO18761810000007,VISHWAS BHORE,07/01/2026,Cash Memo Printed,10/01/2026,46033,Any Day,40969478,MS. SHALAN B KUMBHAR,158 5,6 SHAHUNAGAR,KOLHAPUR MAHARASHTRA Maha,9860517444,
9,SHAHUNAGAR,EO18761810000007,VISHWAS BHORE,31/12/2025,Cash Memo Printed,01/01/2026,44630,Any Day,40969609,LATWADE SARJERAO GANPATI,"MAHARANA PRATAP CHOWK,",SACHIN KORISHETTI PITACHI,GIRNI JAVAL SUDARSHAN CHK,7020822773,Rescheduled
10,SHAHUNAGAR,EO18761810000007,VISHWAS BHORE,04/01/2026,Cash Memo Printed,05/01/2026,45363,Any Day,40969625,DABHOLE PRAMOD DATTATRAYA.,"PLOT NO. 571/1,",SANGALE GURUJI SAMOR,JAYSINGPUR,7798956811,Rescheduled
11,SHAHUNAGAR,EO18761810000007,VISHWAS BHORE,02/01/2026,Cash Memo Printed,03/01/2026,45100,Any Day,40969628,BALDAWA USHA GOVIND.,PISE SADASHIV,RAVJI PATIL MAGE,DALVI VAKIL SHEJARI,8975188789,Rescheduled
12,SUDHARSHAN CHOU,EO18761810000007,VISHWAS BHORE,04/01/2026,Cash Memo Printed,05/01/2026,45400,Any Day,40969640,MIRAJE SANTOSH MAHADEV.,H.NO.616-1,SADA POPALAKAR GHARA SHEJ,JAYSINGPUR.,9011441719,Rescheduled
13,SUDHARSHAN CHOU,EO18761810000007,VISHWAS BHORE,08/01/2026,Cash Memo Printed,10/01/2026,46145,Any Day,40969731,Ms. KASTURI J TARAL,ASHIRVAD 690/2/2,SUDARSHAN CHOUK SHAHUNAGA,KOLHAPUR Maharashtra,9860180532,
14,yash chidanad,EO18761810000007,VISHWAS BHORE,05/01/2026,Cash Memo Printed,07/01/2026,45693,Any Day,40969745,PAWAR RANGRAO HINDURAO,SUDHARSHAN CHOWK,KULKARNI VAKIL SHEJARI,SHAHUNAGAR,9881874955,Rescheduled
15,SHAHUNAGAR,EO18761810000007,VISHWAS BHORE,03/01/2026,Cash Memo Printed,05/01/2026,45340,Any Day,40969750,SUTAR UMESH RAMDAS,RANGA POWAR SAMOR,"PLOT NO 560, KUNNE SHEJAR",JAYSINGPUR,9850596097,Rescheduled
16,JAIN BASTI,EO18761810000007,VISHWAS BHORE,08/01/2026,Cash Memo Printed,10/01/2026,46019,Any Day,40969793,MRS SANJIVANI S PATIL,496 SHRI  ASARA, ,KOLHAPUR MAHARASHTRA Maha,8087640080,
17,SHAHUNAGAR,EO18761810000007,VISHWAS BHORE,08/01/2026,Cash Memo Printed,10/01/2026,46057,Any Day,40969865,KUMBHAR SHANKAR SADASHIV,"649/1, SHAHU NAGAR,",KHUMBHAR GALLI,JAYSINGPUR.,9403108080,
18,SHAHUNAGAR,EO18761810000007,VISHWAS BHORE,07/01/2026,Cash Memo Printed,07/01/2026,45774,Any Day,40969907,JADHAV CHANDRAKANT RAJARAM,"GHODAKE SAMOR,","PLOT NO. 538,/1","SHAHU NAGAR, JAYSINGPUR.",9552278176,Rescheduled
19,SHAHUNAGAR,EO18761810000007,VISHWAS BHORE,08/01/2026,Cash Memo Printed,10/01/2026,46058,Any Day,40970092,GANBAVALE ACHYUT SOPAN,SHAHUNAGAR SUDHARSHAN,CHOWK 626/1 DOCTOR MANE,SAMOR J S P,9373625826,
20,JAMBHALI,EO18761810000006,HARUN FAKIR,09/01/2026,Cash Memo Printed,09/01/2026,45926,Any Day,40970200,PATIL GITA BABASO,NISARG NAGARI,CHAKOTE SHALE JAVAL,,8888465376,
21,SHAHUNAGAR,EO18761810000007,VISHWAS BHORE,08/01/2026,Cash Memo Printed,10/01/2026,46049,Any Day,40970237,KHAIRMODE S. B.,"SHAHU NAGAR, 2635,","KHAIRMODE ROAD,",JAYSINGPUR.,9420372315,
22,SHAHUNAGAR,EO18761810000007,VISHWAS BHORE,04/01/2026,Cash Memo Printed,05/01/2026,45374,Any Day,40970245,DHOTRE PUNDLIK BHIMAJI,SHAHUNAGER. PATEL CHOUK,"SAMDOLE MALA,DHURDUNDE",SHEJARI JAYSINGPUR,8483843316,Rescheduled
23,SHAHUNAGAR,EO18761810000007,VISHWAS BHORE,09/01/2026,Cash Memo Printed,10/01/2026,46080,Any Day,40970250,MS. SARIKA A KUDALKAR,559 SHALA NO 9 JAWAL,559 MAIN ROAD,KOLHAPUR MAHARASHTRA Maha,9359268017,
24,SHALA NO 9,EO18761810000007,VISHWAS BHORE,08/01/2026,Cash Memo Printed,10/01/2026,46093,Any Day,40970261,URUNKAR SHRINIVAS VASANT,PLOT NO. 475/1,KALPANA NIVAS,NEAR KARMVEER PATSANSTHA,7020860129,
25,SHAHUNAGAR,EO18761810000007,VISHWAS BHORE,06/01/2026,Cash Memo Printed,07/01/2026,45766,Any Day,40970301,PATIL PRAVIN RAVSAHEB,"P NO. 592/2,MATHURA BULL",KUMBHAR  GALLI,NEAR KACHRE ROAD,9552536264,Rescheduled
26,SUDHARSHAN CHOU,EO18761810000007,VISHWAS BHORE,30/12/2025,Cash Memo Printed,01/01/2026,44665,Any Day,40970308,MR. BHASKAR S MANE,"612/1,POPALKA","NEAR RANCHA SHEJAI,",KOLHAPUR MAHARASHTRA Maha,9922258717,Rescheduled
27,SHAHUNAGAR,EO18761810000007,VISHWAS BHORE,06/01/2026,Cash Memo Printed,07/01/2026,45761,Any Day,40970347,KUMBHAR JAYSING VISHNU.,KHAIRMODE  SAMOR,KUMBHAR GALLI,KUMBHAR GALLI,9011735560,Rescheduled
28,SHAHUNAGAR,EO18761810000007,VISHWAS BHORE,04/01/2026,Cash Memo Printed,05/01/2026,45371,Any Day,40970423,GAVALI VILAS MARUTI,LAXMI MANDIR,NEAR PATEL CHOUK,JAYSINGPUR.,8692059629,Rescheduled
29,SHAHUNAGAR,EO18761810000007,VISHWAS BHORE,07/01/2026,Cash Memo Printed,10/01/2026,46032,Any Day,40971610,PATIL MADHAVI RAJU,LIBARTI MANDAP JAVAL,SAI MANDIR JAVAL,SHAHUNAGAR,9764348086,
30,SHAHUNAGAR,EO18761810000007,VISHWAS BHORE,05/01/2026,Cash Memo Printed,07/01/2026,45725,Any Day,40971615,Mrs SWARA S GHORPADE,CHAYA 98,SUDARSHAN CHOUK SHAHUNAGA,KOLHAPUR Maharashtra,9146187371,Rescheduled
31,yash chidanad,EO18761810000007,VISHWAS BHORE,02/01/2026,Cash Memo Printed,03/01/2026,45166,Any Day,40971658,Mrs LATA M SALUNKHE,LAXMIBAI SADAN,SHALA NO 9 SHAHUNAGAR,KOLHAPUR Maharashtra,9767092340,Rescheduled
32,SHAHUNAGAR,EO18761810000007,VISHWAS BHORE,05/01/2026,Cash Memo Printed,07/01/2026,45730,Any Day,40972356,KAMBALE ANJANA GOPAL,AVCHIT NAGAR,LAXMI MANDIR SAMOR,JAYSINGPUR. GAS CARD MISS,9096438467,Rescheduled
33,SHAHUNAGAR,EO18761810000007,VISHWAS BHORE,05/01/2026,Cash Memo Printed,07/01/2026,45723,Any Day,40973051,NADAF HANIF KASIM.,BANDHAR DAVAKHANA,PATEL CHOWK,,8421598728,Rescheduled
34,JAMBHALI,EO18761810000006,HARUN FAKIR,06/01/2026,Cash Memo Printed,09/01/2026,45916,Any Day,40973995,YADAV SUSHILA BAPU,"MAL WADI,JAMBHALI,",TAL SHIROL DIST KOLHAPUR,,9881003339,
35,yash chidanad,EO18761810000007,VISHWAS BHORE,07/01/2026,Cash Memo Printed,10/01/2026,46132,Any Day,40974248,CHOUGULE HANMANT RAMCHANDRA,52 ZOPAD PATTI,HOUSE NO.108,NANDANI ROAD,9730966225,
36,Jainapur,EO18761810000010,MAHESH PATIL,03/01/2026,Cash Memo Printed,06/01/2026,45541,Any Day,40974763,Mr. ASIF S MUJAWAR,NASIMA 2,HOUSE BAY PASS ROAD,KOLHAPUR Maharashtra,7798791242,Rescheduled
37,JAIN BASTI,EO18761810000007,VISHWAS BHORE,06/01/2026,Cash Memo Printed,10/01/2026,46017,Any Day,40975969,PATIL JINGONDA RAJGONDA.,NEAR JAIN BASTI,MAHAVIR CHOWK,SHALA NO.9 MAGE,9637153020,
38,SHAHUNAGAR,EO18761810000007,VISHWAS BHORE,05/01/2026,Cash Memo Printed,07/01/2026,45724,Any Day,40977166,KAZI MAHAMAD YAKUB,"SHALA NO 9,JAVAL,","MUJAWAR GALLI,PLOT 361/1,","SHAHU NAGAR,JAYSINGPUR.",7028835861,Rescheduled
39,JAMBHALI,EO18761810000006,HARUN FAKIR,08/01/2026,Cash Memo Printed,09/01/2026,45918,Any Day,40978212,DESAI AMIRKHAN MOULLA.,A/P. JAMBHALI.,TAL. SHIROL.,DIST. KOLHAPUR.,8485835056,
40,JAMBHALI,EO18761810000006,HARUN FAKIR,08/01/2026,Cash Memo Printed,09/01/2026,45921,Any Day,40978430,YADAV CHANDRAKANT MARUTI,"A/P- JAMHALI,","TALUKA-SHIROL,",DIST-KOP.,8010030503,
41,SHAHUNAGAR,EO18761810000007,VISHWAS BHORE,06/01/2026,Cash Memo Printed,07/01/2026,45748,Any Day,40979261,Ms. RASHIDA M NAIKWADE,KOSHISH  377/1,HOUSE SHAHUNAGAR,KOLHAPUR Maharashtra,9975144786,Rescheduled
42,GANPATI MANDIR,EO18761810000007,VISHWAS BHORE,08/01/2026,Cash Memo Printed,10/01/2026,46016,Any Day,40979275,SHAHA SURESH KESARIMAL,"GANPATI MANDIR SHEJARI,",JAYSINGPUR.,BARDIYA JAVAL,9960612814,
43,SHAHUNAGAR,EO18761810000007,VISHWAS BHORE,08/01/2026,Cash Memo Printed,10/01/2026,46063,Any Day,40979307,GADAVE S. D.,"PLOT NO. 495/2,","SHAHU NAGAR,PATIL POSTMAN",JAYSINGPUR.,9730333495,
44,SHAHUNAGAR,EO18761810000007,VISHWAS BHORE,05/01/2026,Cash Memo Printed,05/01/2026,45383,Any Day,40979309,PAKHARE PUSHPA PRABHAKAR,MURGUNDE SHEJARI,",OZA SHEJARI",MALATI SADI JAWAL,9922509827,Rescheduled
45,SHAHUNAGAR,EO18761810000007,VISHWAS BHORE,04/01/2026,Cash Memo Printed,05/01/2026,45373,Any Day,40979326,KUGE PARSHWANATH BHAU,PLOT NO.372 'DNYANDIP',BUIL.JAIN MANDIR JAVAL,KACHARE ROAD,9850065867,Rescheduled
46,SHAHUNAGAR,EO18761810000007,VISHWAS BHORE,10/01/2026,Cash Memo Printed,10/01/2026,46089,Any Day,40979347,WASKAR RAMCHANDRA ANNU,"SHAHU NAGAR, SAMRUDHI","NIVAS, NANDANI ROAD,","ADGANE SEJARI, JAYSINGPUR",9975145333,
47,JAIN BASTI,EO18761810000007,VISHWAS BHORE,31/12/2025,Cash Memo Printed,01/01/2026,44401,Any Day,40979348,UDGAVE SUNIL BALASO,"SHAHU NAGAR, JAIN BASTI","SHEJARI, ASHOK SHIROTE","SAMOR, JAYSINGPUR.",9689894199,Rescheduled
48,MUJAWAR GALLY,EO18761810000007,VISHWAS BHORE,31/12/2025,Cash Memo Printed,01/01/2026,44545,Any Day,40979357,BANDAR KHIRUNABI ILAI,"COLAGE STOP,",BARDIYA SHEJARI,BEDMUTHA SHEJARI,9421218078,Rescheduled
49,SHAHUNAGAR,EO18761810000007,VISHWAS BHORE,04/01/2026,Cash Memo Printed,05/01/2026,45366,Any Day,40979359,GAVALI YASHODA MAHADEV,"SHAHU NAGAR,GURUPRASAD","JWELAR SEJARI,MORE SEJARI",JAYSINGPUR.,9284268673,Rescheduled
50,SHAHUNAGAR,EO18761810000007,VISHWAS BHORE,31/12/2025,Cash Memo Printed,01/01/2026,44629,Any Day,40979360,PATIL CHANDRAKANT ANNA,GURUPRASAD JWELERS SAMOR,PLOT NO.525,BOOK AFTER 45 DAYS.,9423285933,Rescheduled
51,SHAHUNAGAR,EO18761810000007,VISHWAS BHORE,09/01/2026,Cash Memo Printed,10/01/2026,46140,Any Day,40979386,SALIGRAM B. G.,JAIN MANDIR ROAD,BANDAR GARI,INAMDAR TELAR JAVAL,9823966786,
52,yash chidanad,EO18761810000007,VISHWAS BHORE,03/01/2026,Cash Memo Printed,07/01/2026,45692,Any Day,40979389,Ms. SHALAN D DALVI,DALVI 36,HOUSE SHAHUNAGAR,KOLHAPUR Maharashtra,9921980409,Rescheduled
53,SHAHUNAGAR,EO18761810000007,VISHWAS BHORE,08/01/2026,Cash Memo Printed,10/01/2026,46052,Any Day,40979417,MR. VASANT B MAGDUM,457 MAHAVIR CHOWK,SHAHU NAGAR CS NO 3249,KOLHAPUR MAHARASHTRA Maha,9561142582,
54,SHAHUNAGAR,EO18761810000007,VISHWAS BHORE,07/01/2026,Cash Memo Printed,10/01/2026,46041,Any Day,40979421,DESHINGKAR D. S.,"GANPATI MANDIR,","SHAHU NAGAR,",JAYSINGPUR.,9130903501,
55,SHAHUNAGAR,EO18761810000007,VISHWAS BHORE,06/01/2026,Cash Memo Printed,07/01/2026,45740,Any Day,40979433,KHOCHARE REKHA MUKUND,"SHAHU NAGAR,",TRIMURTI S T D MADHE,OZA SHEJARI,8007273721,Rescheduled
56,SHAHUNAGAR,EO18761810000007,VISHWAS BHORE,08/01/2026,Cash Memo Printed,10/01/2026,46064,Any Day,40979438,PATIL PRABHAKAR JINGONDA,"ANEGIRIKAR LAIN , S CHO.",C/O SHISULATA TONE BILD,KULKARNI NIVAS,9975651108,
57,SHAHUNAGAR,EO18761810000007,VISHWAS BHORE,09/01/2026,Cash Memo Printed,10/01/2026,46141,Any Day,40979447,CHAVAN RAMESH LAXMAN,KORE SHEJARI,PALAVI KIRANA STORES MAGE,JAYSINGPUR.,9767302890,
58,SHAHUNAGAR,EO18761810000007,VISHWAS BHORE,10/01/2026,Cash Memo Printed,10/01/2026,46086,Any Day,40979457,MS. SUREKHA P BIRAJ,464 2,1 MAHAVIR CHOUK,KOLHAPUR MAHARASHTRA Maha,9270696496,
59,SHAHUNAGAR,EO18761810000007,VISHWAS BHORE,06/01/2026,Cash Memo Printed,07/01/2026,45747,Any Day,40979489,TAKALIKAR SUREKHA SUBHASH,PLOT NO.338/2'SHIVPARVATI,BUIL.OZA SAMOR,NEAR SHALA NO.9,9096406413,Rescheduled
60,SHAHUNAGAR,EO18761810000007,VISHWAS BHORE,06/01/2026,Cash Memo Printed,07/01/2026,45753,Any Day,40979496,MRS ANITA R VHANNE,424 PANCHSHUKRANIVAS, ,KOLHAPUR MAHARASHTRA Maha,8888757859,Rescheduled
61,SHAHUNAGAR,EO18761810000007,VISHWAS BHORE,04/01/2026,Cash Memo Printed,05/01/2026,45370,Any Day,40979514,ATTAR IMTIYAJ AMIN,H.NO.369 'NIYAJ'BUIL.,"NANDANI NAKA, ATTAR HOS.,",JAYSINGPUR.,9890756786,Rescheduled
62,SHAHUNAGAR,EO18761810000007,VISHWAS BHORE,04/01/2026,Cash Memo Printed,05/01/2026,45379,Any Day,40979520,MR. SHITAL V CHIVATE,327 2,2 NANDNI,KOLHAPUR MAHARASHTRA Maha,8308018470,Rescheduled
63,SHAHUNAGAR,EO18761810000007,VISHWAS BHORE,04/01/2026,Cash Memo Printed,05/01/2026,45362,Any Day,40979526,RAJPUT RAMESH BABUSING,PANYACHYA TAKI JAVAL,9 NO SHALE MAGE,JAYSINGPUR.,9881813815,Rescheduled
64,SHAHUNAGAR,EO18761810000007,VISHWAS BHORE,10/01/2026,Cash Memo Printed,10/01/2026,46092,Any Day,40979556,NANDRE NANDKUMAR D.,RAMDAS MANDIR,K.R. PATIL SCHOOL JAVAL,JAIN BASTI JAYSINGPUR.,9404409953,
65,SHAHUNAGAR,EO18761810000007,VISHWAS BHORE,08/01/2026,Cash Memo Printed,10/01/2026,46050,Any Day,40979578,HORE TRISHALA SURESH.,"SHAHUNAGAR, NO.482,",JAYSINGPUR.SHALA NO 9,SAMOR TAL. SHIROL.,9404389844,
66,SHAHUNAGAR,EO18761810000007,VISHWAS BHORE,07/01/2026,Cash Memo Printed,10/01/2026,46137,Any Day,40979601,Mr. PRAMOD G YALGUDKAR,GOVINDRAO NIVAS,OZA BHAVAN MAGE,KOLHAPUR Maharashtra,9172915880,
67,SHAHUNAGAR,EO18761810000007,VISHWAS BHORE,08/01/2026,Cash Memo Printed,10/01/2026,46138,Any Day,40979612,Mr. GAUTAM S HORE,01 01,HOUSE SHAHUNAGAR,KOLHAPUR Maharashtra,9975987508,
68,SHAHUNAGAR,EO18761810000007,VISHWAS BHORE,25/12/2025,Cash Memo Printed,01/01/2026,44570,Any Day,40979619,TANTRY MURLIDHAR RAMCHANDRA.,A/P. RAM CHHAYA PLOT,"NO.25,OPP.K.R. PATIL ENG.","SCHOOL,SHAHU NAGAR,",9004249407,Rescheduled
69,SHAHUNAGAR,EO18761810000007,VISHWAS BHORE,01/01/2026,Cash Memo Printed,03/01/2026,45088,Any Day,40979688,LOKHANDE VINAYAK SHANKAR,PLOT NO.476/2,YASH MADHE CON.,KARMVIR PATSANSTA JAWAL,9421206545,Rescheduled
70,SHAHUNAGAR,EO18761810000007,VISHWAS BHORE,08/01/2026,Cash Memo Printed,10/01/2026,46053,Any Day,40979739,KALE V M,"PLOT NO.20,'PRATIKSHA'BUL",C/O K.R. PATIL SHCOOL,JAYSINGPUR,9730009918,
71,JAIN BASTI,EO18761810000007,VISHWAS BHORE,06/01/2026,Cash Memo Printed,10/01/2026,46018,Any Day,40979767,Mrs DEVYANI  D PALSE,373 373,JAIN MANDIR  NAER,KOLHAPUR Maharashtra,9970906224,
72,K R PATIL SHALA,EO18761810000007,VISHWAS BHORE,06/01/2026,Cash Memo Printed,07/01/2026,45689,Any Day,40979770,MS. KAMAL D SANE,"P NO.438,K R PATIL SCHOOL",SHEJARI,KOLHAPUR MAHARASHTRA Maha,8793188021,Rescheduled
73,KOTHALI,EO18761810000010,MAHESH PATIL,08/01/2026,Cash Memo Printed,10/01/2026,46193,Any Day,41344370,Mr. VINAYKUMAR B KAMBLE,01 01,HOUSE KAMBLE GALI,KOLHAPUR Maharashtra,9823167870,
74,KOTHALI,EO18761810000010,MAHESH PATIL,09/01/2026,Cash Memo Printed,10/01/2026,46197,Any Day,41344551,PATIL ASHOK SURGONDA.,"AT POST-KOTHLI,",NEAR MARHATI SCHOOL,,9657045473,
75,KOTHALI,EO18761810000010,MAHESH PATIL,10/01/2026,Cash Memo Printed,10/01/2026,46210,Any Day,41344716,DHANGAR APPA LAXIMAN.,"A/P-KOTHLI,",NEAR MARATHI SCHOOL,DIST-KOLHAPUR.,7972432166,
76,Jainapur,EO18761810000010,MAHESH PATIL,04/01/2026,Cash Memo Printed,06/01/2026,45544,Any Day,41344735,RAJPUT SAMBHAJI BALSHI.,"DANOLI ROAD,HANUMAN NAGAR","JAYNAPUR,TAL-SHIROL,",DIST-KOLHAPUR.,9561229060,Rescheduled
77,yash chidanad,EO18761810000007,VISHWAS BHORE,07/01/2026,Cash Memo Printed,10/01/2026,46131,Any Day,41344767,MORE BHUPAL BABURAO.,PLT NO-530 MORE BULIDING,NEAR AKKOLE DR HOSPITAL,TAL SHIROL DIST-KOLHAPUR,9423802180,
78,KOTHALI,EO18761810000010,MAHESH PATIL,09/01/2026,Cash Memo Printed,10/01/2026,46198,Any Day,41344776,SOU.BIRANGE SUREKHA VASANT.,KOTHALI,KOTHALI TIVADE GALLI,DIST-KOLHAPUR.,8007058797,
79,DANOLI,EO18761810000010,MAHESH PATIL,06/01/2026,Cash Memo Printed,07/01/2026,45681,Any Day,41344784,Miss GAYATRI V HOGALE,SHELAJI NEVAS,HOGALE GALLY MAL WADI,KOLHAPUR Maharashtra,9067514025,Rescheduled
80,DANOLI,EO18761810000010,MAHESH PATIL,06/01/2026,Cash Memo Printed,07/01/2026,45679,Any Day,41344828,Mr. SATISH G DESAI,40 BHOUDH VIHAR,0 BOUDH NAGAR,KOLHAPUR Maharashtra,9960290444,Rescheduled
81,DANOLI,EO18761810000010,MAHESH PATIL,04/01/2026,Cash Memo Printed,05/01/2026,45291,Any Day,41344830,MANE SITARAM PARSU.  ,01 01,HOUSE,KOLHAPUR Maharashtra,8888314009,Rescheduled
82,KOTHALI,EO18761810000010,MAHESH PATIL,09/01/2026,Cash Memo Printed,10/01/2026,46205,Any Day,41344909,MR. SHITAL R KHAVATE,241/2 -,- MEAIN ROAD,KOLHAPUR MAHARASHTRA Maha,9890671471,
83,KOTHALI,EO18761810000010,MAHESH PATIL,09/01/2026,Cash Memo Printed,10/01/2026,46208,Any Day,41345149,DHANAGAR DHONDIBA RAGHU.,"AT.PO-KOTHALI,",NEAR MANGESVAR MANDIR,DIST-KOLHAPUR.,8308686712,
84,KOTHALI,EO18761810000010,MAHESH PATIL,09/01/2026,Cash Memo Printed,10/01/2026,46206,Any Day,41345228,Mrs RAJSHRI S CHAVAN,CHAVAN NEVAS,LAXMINAGAR MAN ROAD,KOLHAPUR Maharashtra,8600947665,
85,DANOLI,EO18761810000010,MAHESH PATIL,05/01/2026,Cash Memo Printed,05/01/2026,45298,Any Day,41345315,Mrs KRUSHNATH S SAIOKHE,01 01,HOUSE MANE ROOD,KOLHAPUR Maharashtra,9975826191,Rescheduled
86,SHIVSHAKTI COLO,EO18761810000007,VISHWAS BHORE,05/01/2026,Cash Memo Printed,07/01/2026,45717,Any Day,41345683,KOTHAWALE NISCHAL SHANTARAM.,"A/P-SHIVSHAKTI COLONY,","JAYSINGPUR,","TAL-SHIROL, DIST-KOP.",9158749949,Rescheduled
87,SHAHUNAGAR,EO18761810000007,VISHWAS BHORE,08/01/2026,Cash Memo Printed,10/01/2026,46056,Any Day,41345912,CHOWGULE DURGAPPA GANGARAM.,A/P-JAYBHAVANI CHOWCK.,JAYSINGPUR.,DIST-KOP.,9359818878,
88,SAMDOLE MALA,EO18761810000007,VISHWAS BHORE,08/01/2026,Cash Memo Printed,10/01/2026,46028,Any Day,41345991,SOU.PAWAR SUNITA SHAMRAO.,RAMESH HATALGE,,,9850852922,
89,KOTHALI,EO18761810000010,MAHESH PATIL,10/01/2026,Cash Memo Printed,10/01/2026,46211,Any Day,41346061,CHOUGULE BHAUSO BAPU.  ,60 MAN ROAD,GAV BHAG,KOLHAPUR Maharashtra,7387130308,
90,DANOLI,EO18761810000003,RAJESH,08/01/2026,Cash Memo Printed,08/01/2026,45900,Any Day,41346454,MALAME MAHADEV YASHWANT.  ,01 01,HOUSE,KOLHAPUR Maharashtra,8530392617,Rescheduled
91,KOTHALI,EO18761810000010,MAHESH PATIL,09/01/2026,Cash Memo Printed,10/01/2026,46204,Any Day,41346494,SOU.DHUMANNA VAISHALI JINPAL.,"A/P-KOTHALI,",KOTHALI TIVADE GALLI,,9420353829,
92,KOTHALI,EO18761810000010,MAHESH PATIL,08/01/2026,Cash Memo Printed,10/01/2026,46195,Any Day,41346702,KAMBLE SUNIL ANNAPPA.,"A/P-KOTHALI,",MAGDUM GALLI,,8262042098,
93,KOTHALI,EO18761810000010,MAHESH PATIL,09/01/2026,Cash Memo Printed,10/01/2026,46207,Any Day,41347103,SOU DHANGAR SUSHILA MARUTI,"A/P-KOTHALI,",NEAR MANGESVAR MANDIR,DIST.-KOP.,8605278835,
94,DANOLI,EO18761810000003,RAJESH,07/01/2026,Cash Memo Printed,08/01/2026,45902,Any Day,41347132,MALI APPASAHEB SHYAMRAO,"A/P-DANOLI,","TALUKA-SHIROL,",DIST-KOP.,9730516585,Rescheduled
95,DANOLI,EO18761810000010,MAHESH PATIL,05/01/2026,Cash Memo Printed,05/01/2026,45300,Any Day,41347137,CHANDOBA SHRIKANT SHAMRAO,"A/P- DANOLI,","TALUKA-SHIROL,",DIST-KOP.,8421583394,Rescheduled
96,KOTHALI,EO18761810000010,MAHESH PATIL,08/01/2026,Cash Memo Printed,10/01/2026,46191,Any Day,41347229,SOU PATIL JAYSHRI DHANJAY,"A/P- KOTHALI,",NEAR MANGESVAR MANDIR,DIST-KOP..,9764169501,
97,SHAHUNAGAR,EO18761810000007,VISHWAS BHORE,06/01/2026,Cash Memo Printed,07/01/2026,45757,Any Day,41347456,BEDEGAE M B,"A/P- SHAHUNAGAR,",SHALA NO- 9 SAMOR.,JAYSINGPUR.,7776983367,Rescheduled
98,KONDIGRE,EO18761810000003,RAJESH,09/01/2026,Cash Memo Printed,10/01/2026,46175,Any Day,41347523,KOLEKAR TIRUPATI YASHWANT,KONDIGRE.,SHIVAJI CHOWK,,9011176547,
99,yash chidanad,EO18761810000007,VISHWAS BHORE,01/01/2026,Cash Memo Printed,03/01/2026,45165,Any Day,41347996,MANE SUNIL BHIMRAO,SHAHUNAGAR NEAR MAHAVIR,CHOWCK NEAR POTDAR NEAR,SCHOOL NO 9 JASYINGPUR.,7507724555,Rescheduled
100,KOTHALI,EO18761810000010,MAHESH PATIL,02/01/2026,Cash Memo Printed,06/01/2026,45583,Any Day,41348047,BORGAVE CHOGONDA BHAU,NAGRAJ CHOWK,A/P KOTHALI,"TAL-SHIROL,DIST KOLHAPUR",9665156466,Rescheduled
101,SHAHUNAGAR,EO18761810000007,VISHWAS BHORE,06/01/2026,Cash Memo Printed,07/01/2026,45750,Any Day,41348530,MRS TAHIRABI S ATTAR,652 -,- NANDANI ROAD,KOLHAPUR MAHARASHTRA Maha,8262898831,Rescheduled
102,KOTHALI,EO18761810000010,MAHESH PATIL,10/01/2026,Cash Memo Printed,10/01/2026,46212,Any Day,41348531,NIVADE NABI AJIJ,KOTHALI,SHIRGAON ROAD,IDGAH ROAD,9766309070,
103,RAMNAGAR,EO18761810000007,VISHWAS BHORE,09/01/2026,Cash Memo Printed,10/01/2026,46025,Any Day,41348793,PATIL MANGAL PRAKASH,PATEL CHOUK NEAR SHINDE,MAJAR TALAR,SHAHU NAGAR JAYSINGPUR,9370343828,
104,SHAHUNAGAR,EO18761810000007,VISHWAS BHORE,09/01/2026,Cash Memo Printed,10/01/2026,46082,Any Day,41348990,KALUGADE SAROJINI S.,A/P- SHHUNAGAR SUDERSHAN,CHOCK.,JAYSINGPUR.,7875772949,
105,SHAHUNAGAR,EO18761810000007,VISHWAS BHORE,03/01/2026,Cash Memo Printed,05/01/2026,45338,Any Day,41349277,MR. SANJAY Y KADAM,274 MANGAL NIVAS,- NANDANI ROAD,KOLHAPUR MAHARASHTRA Maha,9860005608,Rescheduled
106,SHAHUNAGAR,EO18761810000007,VISHWAS BHORE,06/01/2026,Cash Memo Printed,07/01/2026,45743,Any Day,41349307,Ms. SUREKHA S SHIROTE,SURESH SADAN,GHAR NO 6 52 ZOPAD MAN RO,KOLHAPUR Maharashtra,7038873074,Rescheduled
107,SHAHUNAGAR,EO18761810000007,VISHWAS BHORE,05/01/2026,Cash Memo Printed,07/01/2026,45728,Any Day,41349567,PATIL JAYSHRI SUBHASH,A/P- SHAHUNAGAR SCHOOL,NO- 3 JAYSINGPUR.,,9420353775,Rescheduled
108,SHAHUNAGAR,EO18761810000007,VISHWAS BHORE,09/01/2026,Cash Memo Printed,10/01/2026,46073,Any Day,41349587,Ms. SUJATA B BHOSALE,BHARAT 148,HOUSE NANDANI ROAD,KOLHAPUR Maharashtra,7249145416,
109,SHIVSHAKTI COLO,EO18761810000007,VISHWAS BHORE,01/01/2026,Cash Memo Printed,03/01/2026,45122,Any Day,41349604,MAHAJAN UTTAM SHRIPATI.,SHIVSAKTI COLONY G NO 91,MASUDI SAMOR,SHAHUNAGAR JAYSINGPUR.,9922030866,Rescheduled
110,SHAHUNAGAR,EO18761810000007,VISHWAS BHORE,09/01/2026,Cash Memo Printed,10/01/2026,46066,Any Day,41350379,NADAF AMIRKHAN RASUL,SIDESHVAR NAGAR,TAHASILDAR KAMBLE SOMAR,SHAHUNAGAR,7741923616,
111,SHAHUNAGAR,EO18761810000007,VISHWAS BHORE,03/01/2026,Cash Memo Printed,03/01/2026,45117,Any Day,41350525,CHOUGULE BHARATI BHUPAL,"52, ZOPAD PATTI,","BEGHAR VASAHAT,",JAYSINGPUR.,7385131573,Rescheduled
112,SHAHUNAGAR,EO18761810000007,VISHWAS BHORE,05/01/2026,Cash Memo Printed,05/01/2026,45387,Any Day,41351580,KHOT SARITA BAPUSO,A/P.SHAHUNAGAR,BACK SIDE OF OZA BHAVAN,JAYSINGPUR.,9527715757,Rescheduled
113,SHAHUNAGAR,EO18761810000007,VISHWAS BHORE,07/01/2026,Cash Memo Printed,10/01/2026,46042,Any Day,41351971,JAGJAMPPI ALKA AJIT,"SHAHU NAGAR,","SHALA NO. 9 SAMOR,",JAYSINGPUR.,9403228091,
114,SHAHUNAGAR,EO18761810000007,VISHWAS BHORE,09/01/2026,Cash Memo Printed,10/01/2026,46069,Any Day,41351981,MR. MAHAMADHANIF G TAMBOLI,PLOT NO 18 FIRDOS MANJIL, CHANDTARA MAJSID ROAD,KOLHAPUR MAHARASHTRA Maha,9403577222,
115,Jainapur,EO18761810000010,MAHESH PATIL,04/01/2026,Cash Memo Printed,06/01/2026,45545,Any Day,41352034,MR. BABASAHEB A PATIL,372 -,- NIMSHIRGOAN ROAD,KOLHAPUR MAHARASHTRA Maha,9881863359,Rescheduled
116,yash chidanad,EO18761810000007,VISHWAS BHORE,07/01/2026,Cash Memo Printed,10/01/2026,46133,Any Day,41352099,NANDRE ASHOK ANNAPPA,"SHAHU NAGAR,NEAR K R PATI","RAJMANE SHEJARI,P-436/1",JAYSINGPUR.,9403876301,
117,yash chidanad,EO18761810000007,VISHWAS BHORE,06/01/2026,Cash Memo Printed,07/01/2026,45695,Any Day,41352122,Ms. SUREKHA B DABHOLE,DABHOLE 571/1,SHALANO 9 SHAHUNAGAR,KOLHAPUR Maharashtra,8237785863,Rescheduled
118,yash chidanad,EO18761810000007,VISHWAS BHORE,05/01/2026,Cash Memo Printed,05/01/2026,45404,Any Day,41352176,Ms. NARGIS A PATEL,ABUBAKKAR 00,PATEL COMPLEX NANDANI ROA,KOLHAPUR Maharashtra,9665655160,Rescheduled
119,SHAHUNAGAR,EO18761810000007,VISHWAS BHORE,05/01/2026,Cash Memo Printed,05/01/2026,45417,Any Day,41352235,MR. AJIT B MANE,584-1 -,- SHAHUNAGAR,KOLHAPUR MAHARASHTRA Maha,9011442261,Rescheduled
120,SHAHUNAGAR,EO18761810000007,VISHWAS BHORE,07/01/2026,Cash Memo Printed,10/01/2026,46045,Any Day,41352271,MR. UDAY B GURAV,472/1 RAM NIVAS,2 SAMBHJIPUR,KOLHAPUR MAHARASHTRA Maha,7709143607,
121,TAMDALGE,EO18761810000006,HARUN FAKIR,10/01/2026,Cash Memo Printed,10/01/2026,46128,Any Day,41353067,KAMBALE S. D.,TAMDALAGE.NEAR,S T STAND,,9503831174,
122,SHAHUNAGAR,EO18761810000007,VISHWAS BHORE,03/01/2026,Cash Memo Printed,05/01/2026,45346,Any Day,41353658,PUKALE ANUSAYA VITTAL,"52, ZOPAD PATTI,","LAHUTE MAGE,","JAYBHAVANI CHOWK, JAY.",9049549666,Rescheduled
123,52 zopadpatti,EO18761810000007,VISHWAS BHORE,08/01/2026,Cash Memo Printed,10/01/2026,46008,Any Day,41353788,MUTMALMANI SURESH GURAPPA,"16581A/P. 52, ZOPZDI,",JAYSINGPUR.,TAL. SHIROL.,9822898563,
124,SAMDOLE MALA,EO18761810000007,VISHWAS BHORE,07/01/2026,Cash Memo Printed,10/01/2026,46026,Any Day,41353868,PANDAV SURESH TATOBA,"SHAHU NAGAR,","DR. BANDAR SHEJARI,",JAYSINGPUR.,9767088065,
125,KOTHALI,EO18761810000010,MAHESH PATIL,09/01/2026,Cash Memo Printed,10/01/2026,46209,Any Day,41353896,MRS SUMAN R KHAVATE,JAIN MANDIR NEAR,MAIN ROAD,JAINAPUR,8805981471,
126,SUDHARSHAN CHOU,EO18761810000007,VISHWAS BHORE,29/12/2025,Cash Memo Printed,01/01/2026,44678,Any Day,41353899,MR. KUMAR B MORE,530 -,- MAIN ROAD,KOLHAPUR MAHARASHTRA Maha,9028714080,Rescheduled
127,SHAHUNAGAR,EO18761810000007,VISHWAS BHORE,01/01/2026,Cash Memo Printed,03/01/2026,45091,Any Day,41353903,BEDMUTHA SARDARMUL LALCHAND,"SHAHU NAGAR, DR. AKKOLE","HOSPI. SHEJARI,",JAYSINGPUR.,9921584244,Rescheduled
128,SHAHUNAGAR,EO18761810000007,VISHWAS BHORE,04/01/2026,Cash Memo Printed,05/01/2026,45360,Any Day,41353928,KATKAR BALASAHEB BABU,shiva shakti coln p no 87,mahalaxmi nivas,PLOT NO 87,8308687202,Rescheduled
129,SHAHUNAGAR,EO18761810000007,VISHWAS BHORE,06/01/2026,Cash Memo Printed,07/01/2026,45772,Any Day,41354089,MS. SULOCHANA G VHANNE,424 -,- SHAHUNAGAR,KOLHAPUR MAHARASHTRA Maha,9730121015,Rescheduled
130,SHAHUNAGAR,EO18761810000007,VISHWAS BHORE,07/01/2026,Cash Memo Printed,10/01/2026,46034,Any Day,41354246,MRS INDUMATI K KARNALE,AKHOLE HOSPITAL,MORE GARAJ JAVAL,AKOLE HOSIPITAL,9730866155,
131,SHAHUNAGAR,EO18761810000007,VISHWAS BHORE,09/01/2026,Cash Memo Printed,10/01/2026,46068,Any Day,41354305,MR. PUNAMKUMAR A LATTHE,478 1 ST FLOOR,- KACHARE HOU SOC MEIN RO,KOLHAPUR MAHARASHTRA Maha,9730422423,
132,SHAHUNAGAR,EO18761810000007,VISHWAS BHORE,05/01/2026,Cash Memo Printed,07/01/2026,45729,Any Day,41354307,MR. PRASAD D KULKARNI,531 JANAKI,- MAIN ROAD SHAHUNAGAR,KOLHAPUR MAHARASHTRA Maha,9850060431,Rescheduled
133,SHAHUNAGAR,EO18761810000007,VISHWAS BHORE,06/01/2026,Cash Memo Printed,07/01/2026,45768,Any Day,41354308,TAMBOLI JUBEDA MANSUR,"NIRMALE GURUJI SHEJARI,","SJHAHU NAGAR, PLOT NO.623",JAYSINGPUR.,9561995255,Rescheduled
134,SHAHUNAGAR,EO18761810000007,VISHWAS BHORE,07/01/2026,Cash Memo Printed,10/01/2026,46039,Any Day,41354322,MS. SUREKHA A JADHAV,538 -,- SUDARSHAN CHOUK,KOLHAPUR MAHARASHTRA Maha,8888260382,
135,SHAHUNAGAR,EO18761810000007,VISHWAS BHORE,05/01/2026,Cash Memo Printed,07/01/2026,45722,Any Day,41354358,KAMBALE VINAYAK ANANDA,PLOT NO. 356/1 DR ATTAR,"MUJAWAR SHEJARI,","SHAHU NAGAR, JAYSINGPUR.",9403391827,Rescheduled
136,KOTHALI,EO18761810000010,MAHESH PATIL,01/01/2026,Cash Memo Printed,06/01/2026,45580,Any Day,41356140,PATIL SIDHGONDA KALGONDA,A/P- KOTHALI.,NEAR CHAVADI,,9096030617,Rescheduled
137,KOTHALI,EO18761810000010,MAHESH PATIL,04/01/2026,Cash Memo Printed,06/01/2026,45591,Any Day,41356382,UPADHYA A N,KOTHALI,NEAR MANGESVAR MANDIR,,9421588139,Rescheduled
138,SHAHUNAGAR,EO18761810000007,VISHWAS BHORE,08/01/2026,Cash Memo Printed,10/01/2026,46055,Any Day,41356409,MS. LILA K KAMBLE,- GROUND FLOWER,- MEIN ROAD,KOLHAPUR Maharashtra,9860956753,
139,SHAHUNAGAR,EO18761810000007,VISHWAS BHORE,06/01/2026,Cash Memo Printed,07/01/2026,45807,Any Day,41356512,KAMBALE ASHOKRAO KHEMAJI,SIDDHESHWAR NAGAR,PLOT NO 26,JAYSINGPUR,8600659793,Rescheduled
140,KOTHALI,EO18761810000010,MAHESH PATIL,07/01/2026,Cash Memo Printed,10/01/2026,46185,Any Day,41356705,BEDEKAR SMT SUNITA BALASO,KOTHALI,NEAR S T STAND,,7709460774,
141,Jainapur,EO18761810000010,MAHESH PATIL,05/01/2026,Cash Memo Printed,06/01/2026,45551,Any Day,41356736,SAWANT GORAKH MACHINDRA,JAINAPUR,PANCHSHIL NAGAR,TAL SHIROL,9970263386,Rescheduled
142,KOTHALI,EO18761810000010,MAHESH PATIL,07/01/2026,Cash Memo Printed,10/01/2026,46187,Any Day,41356906,DHANGAR MAYAPPA BIRU  ,927-1 245,HOUSE,KOLHAPUR Maharashtra,9767689451,
143,JAMBHALI,EO18761810000006,HARUN FAKIR,08/01/2026,Cash Memo Printed,09/01/2026,45922,Any Day,41357165,JADHAV SHAKUNTALA GOVIND,GAV BHAG,FARANE KIRANA SOMAR,TAKWADE VES JAVAL,9403006262,
144,KOTHALI,EO18761810000010,MAHESH PATIL,08/01/2026,Cash Memo Printed,10/01/2026,46190,Any Day,41357587,CHUDAPPA VIJAY ANNA,NEAR CHAVDI,KOTHALI,,9689809117,
145,SHAHUNAGAR,EO18761810000007,VISHWAS BHORE,31/12/2025,Cash Memo Printed,01/01/2026,44621,Any Day,41357631,PATOLE SUNIL BAPU,SUDARSHAN CHOWCK,SHAHUNAGAR,JAYSINGPUR.,9422754431,Rescheduled
146,yash chidanad,EO18761810000007,VISHWAS BHORE,09/01/2026,Cash Memo Printed,10/01/2026,46134,Any Day,41357766,Ms. SHABANA B JAMADAR,01 01,HOUSE HANUMAN MANDIR JAVA,KOLHAPUR Maharashtra,9850340511,
147,Jainapur,EO18761810000010,MAHESH PATIL,04/01/2026,Cash Memo Printed,06/01/2026,45543,Any Day,41358129,SAWANT VASTHALA BHIKU,JAINPUR,SAWANT GALLI,,9594493546,Rescheduled
148,DANOLI,EO18761810000010,MAHESH PATIL,04/01/2026,Cash Memo Printed,05/01/2026,45295,Any Day,41358307,DOIJAD SADASHIV DATTU,DANOLI,MALABHAG,TAL SHIROL,9604114842,Rescheduled
149,DANOLI,EO18761810000010,MAHESH PATIL,04/01/2026,Cash Memo Printed,05/01/2026,45288,Any Day,41358774,SUTAR CHANDRAKANT DATTU,SHANTI NAGAR STOP,DANOLI,DANOLI,7038264670,Rescheduled
150,DANOLI,EO18761810000010,MAHESH PATIL,07/01/2026,Cash Memo Printed,07/01/2026,45686,Any Day,41358948,NADAF MUSA GANI,DANOLI MALWADI SHIVAJI,COWCK,,9730481850,Rescheduled
151,SHAHUNAGAR,EO18761810000007,VISHWAS BHORE,07/01/2026,Cash Memo Printed,10/01/2026,46037,Any Day,41359038,PATIL DIPAK VILAS,SUDARSHAN CHOWCK,SHAHUNAGAR NEAR POFALKAR,JAYSINGPUR,9922241085,
152,SHAHUNAGAR,EO18761810000007,VISHWAS BHORE,03/01/2026,Cash Memo Printed,05/01/2026,45347,Any Day,41359437,SHINDE MALU ANANDRAO,JAYBHAVANI CHOUK NEAR,AKKOLE DAVAKHANA,SHAHU NAGAR JAYSINGPUR .,8484888831,Rescheduled
153,SHAHUNAGAR,EO18761810000007,VISHWAS BHORE,09/01/2026,Cash Memo Printed,10/01/2026,46067,Any Day,41359443,MS. SUVRNA N RAJPUT,83 MAULI N -,- SHAHUNAGAR,KOLHAPUR MAHARASHTRA Maha,8698404135,
154,yash chidanad,EO18761810000007,VISHWAS BHORE,09/01/2026,Cash Memo Printed,10/01/2026,46135,Any Day,41359586,FENANDIS PIYEDAD ISHENT,PLOT NO 301/4,SHAHU NAGAR JAYSINGPUR,DADA GYAREJ MAGE,9881722097,
155,DANOLI,EO18761810000010,MAHESH PATIL,07/01/2026,Cash Memo Printed,07/01/2026,45687,Any Day,41359926,SHIROTE JAYPAL RAMA,A/P DANOLI,TAL SHIROL,,9766329191,Rescheduled
156,DANOLI,EO18761810000010,MAHESH PATIL,07/01/2026,Cash Memo Printed,07/01/2026,45684,Any Day,41359956,TAMBE GANPATI VITTHAL,DANOLI,TAL-SHIROL,DIST-KOP,8208183924,Rescheduled
157,KOTHALI,EO18761810000010,MAHESH PATIL,09/01/2026,Cash Memo Printed,10/01/2026,46202,Any Day,41360042,BORGAVE S B,KOTHALI,BORGAVE GALLI,DIST-KOP,9923141499,
158,KOTHALI,EO18761810000010,MAHESH PATIL,09/01/2026,Cash Memo Printed,10/01/2026,46203,Any Day,41360157,DHANGAR VAISHALI RAVSO,DHANGAR GALLI,KOTHALI,TAL-SHIROL DIST-KOLHAPUR,7620067946,
159,SHAHUNAGAR,EO18761810000007,VISHWAS BHORE,05/01/2026,Cash Memo Printed,07/01/2026,45736,Any Day,41360195,BURANDE APPASAHEB GAJANAN,SHAHUNAGAR,NEAR YOURAJ PHOTO,JAYSINGPUR,8975409505,Rescheduled
160,SHAHUNAGAR,EO18761810000007,VISHWAS BHORE,09/01/2026,Cash Memo Printed,10/01/2026,46143,Any Day,41360219,MR. IRFAN K KHATIK,183 -,1 FLOOR CHADTARA MASZID R,KOLHAPUR MAHARASHTRA Maha,9421937606,
161,DANOLI,EO18761810000010,MAHESH PATIL,05/01/2026,Cash Memo Printed,06/01/2026,45534,Any Day,41360593,GADKARI SUJITKUMAR VILAS,DANOLI,SHERI MALA,,9552113077,Rescheduled
162,Jainapur,EO18761810000010,MAHESH PATIL,31/12/2025,Cash Memo Printed,01/01/2026,44444,Any Day,41360650,SHINDE MANGAL RAMCHANDRA    ,01 01,HOUSE,KOLHAPUR Maharashtra,9403245457,Rescheduled
163,DANOLI,EO18761810000010,MAHESH PATIL,06/01/2026,Cash Memo Printed,07/01/2026,45675,Any Day,41360905,MUJAWAR MUBARAK IMAM,DANOLI,BACK SIDE OF HANUMAN,HOUSE NO 180,8888253388,Rescheduled
164,SHAHUNAGAR,EO18761810000007,VISHWAS BHORE,08/01/2026,Cash Memo Printed,10/01/2026,46048,Any Day,41360926,MALAGE ASHOK MANOHAR,SHIVSHAKTI COLONY,SWAPNSHILP BUIDNEAR SUYSH,CLASES SHAHU NAGAR,9860920050,
165,SUDHARSHAN CHOU,EO18761810000007,VISHWAS BHORE,06/01/2026,Cash Memo Printed,07/01/2026,45713,Any Day,41360983,MULIK ATMARAM GOVINDRAO,NAGARSEVAK POPALKAR LINE,NEAR SHIVAJI VATHARE,VTHARE SAMOR,9922832231,Rescheduled
166,KOTHALI,EO18761810000010,MAHESH PATIL,06/01/2026,Cash Memo Printed,06/01/2026,45596,Any Day,41361083,GANZE ASHARANI VILAS,NEAR AGANWADI SCHOOL,LAXMINAGAR,KOTHALI,9530532361,Rescheduled
167,KOTHALI,EO18761810000010,MAHESH PATIL,09/01/2026,Cash Memo Printed,10/01/2026,46200,Any Day,41361240,PUJARI PRAKASH SHIVAJI,"WAORD NO 2,DHANGAR GALLI","MANGESHWAR MANDIR,KOTHLI",TAL-SHIROL DIST-KOLHAPUR,8600425566,
168,DANOLI,EO18761810000010,MAHESH PATIL,04/01/2026,Cash Memo Printed,05/01/2026,45294,Any Day,41361563,PATIL/KHETRAPPA SUNIL DHANPAL,DANOLI,NEAR KANYA HIGHSCHOOL,TAL-SHIROL DIST-KOLHAPUR,7058141522,Rescheduled
169,SHAHUNAGAR,EO18761810000007,VISHWAS BHORE,06/01/2026,Cash Memo Printed,07/01/2026,45756,Any Day,41361638,KALGUTGI JAYSHRI SURESH,A/P SHAHU NAGAR AAKOLE,HOSPITAL SAMOR JAYSINGPUR,TAL SHIROL DIST KOL.,9527863128,Rescheduled
170,DANOLI,EO18761810000010,MAHESH PATIL,05/01/2026,Cash Memo Printed,06/01/2026,45533,Any Day,41361666,GAVADE DATTA KRUSHNA,A/P DANOLI DANGAR WADA,TAL SHIROL,DIST KOLHAPUR.,8530321963,Rescheduled
171,Jainapur,EO18761810000010,MAHESH PATIL,06/01/2026,Cash Memo Printed,06/01/2026,45552,Any Day,41361683,PATIL RAMGOANDA SABGOANDA,A/P JAINAPUR POLIS PATIL,"MALA.TAL-SHIROL,",DIS-KOLHAPUR.,9922099539,Rescheduled
172,DANOLI,EO18761810000010,MAHESH PATIL,04/01/2026,Cash Memo Printed,05/01/2026,45289,Any Day,41361838,SALUNKHE SIHVAJI BAJARANG,A/P=DANOLI,NEAR HIGHCHOOL,TAL=SHIROL DIST=KOLHAPUR,9881701219,Rescheduled
173,KONDIGRE,EO18761810000003,RAJESH,10/01/2026,Cash Memo Printed,10/01/2026,46178,Any Day,41362198,KOLEKAR VATSALA PANDURANG,"KRANTI CHOWK,",KONDIGRE.,TAL-SHIROL DIST-KOLHAPUR.,9545733238,
174,SHIVSHAKTI COLO,EO18761810000007,VISHWAS BHORE,07/01/2026,Cash Memo Printed,07/01/2026,45801,Any Day,41362345,Ms. LATA P MANE,MAN E 452,HOUSE MAJID JAVAL,KOLHAPUR Maharashtra,9404459393,Rescheduled
175,SHAHUNAGAR,EO18761810000007,VISHWAS BHORE,05/01/2026,Cash Memo Printed,07/01/2026,45733,Any Day,41362360,PATIL SUSHILA SADASHIV,"SHAHU NAGAR, DR. GUJAR","MAGE, JAYSINGPUR.",SAMADOLE MALA,8149709840,Rescheduled
176,SHIVSHAKTI COLO,EO18761810000007,VISHWAS BHORE,08/01/2026,Cash Memo Printed,10/01/2026,46097,Any Day,41362682,PATIL P. D.,SHIVA SHAKTI COL P NO 16,GALLI NO 1,JAYSINGPUR,0,
177,SHAHUNAGAR,EO18761810000007,VISHWAS BHORE,02/01/2026,Cash Memo Printed,03/01/2026,45116,Any Day,41362894,BEDERE PRAHALAD JOTIBA.,A/P.SHIV SHAKTI COL PO115,"NEAR GAYAKWAD SHAHUNAGAR,",JSP TAL. SHIROL.,9922498925,Rescheduled
178,SHAHUNAGAR,EO18761810000007,VISHWAS BHORE,06/01/2026,Cash Memo Printed,07/01/2026,45741,Any Day,41362972,SADAFULE DIPALI AJAY.,"SHIVSHKTI COLONY GUT NO.,","91 2 B , JAYSINGPUR.",TAL. SHIROL.,8793188198,Rescheduled
179,SHIVSHAKTI COLO,EO18761810000007,VISHWAS BHORE,29/12/2025,Cash Memo Printed,01/01/2026,44656,Any Day,41363269,PAWAR ABHIJEET ANNASAHEB,PLT NO 3 ASHIRVAD BUILLDI,SHIVASHAKTI COLONY,TAL-SHIROL DIST-KOLHAPUR,9890154222,Rescheduled
180,KONDIGRE,EO18761810000003,RAJESH,08/01/2026,Cash Memo Printed,10/01/2026,46181,Any Day,41363322,MALGAVE NEMINATH VASANT,"KONDIGRE,",MALGAVE GALLI.,TAL-SHIROL DIST-KOLHAPUR.,9011011745,
181,TAMDALGE,EO18761810000006,HARUN FAKIR,09/01/2026,Cash Memo Printed,10/01/2026,46125,Any Day,41363957,SURVANSHI DHANPAL ALLU.,A/P. TAMDALGE.,TAL. SHIROL.,DIST. KOLHAPUR.,8080067005,
182,TAMDALGE,EO18761810000006,HARUN FAKIR,10/01/2026,Cash Memo Printed,10/01/2026,46130,Any Day,41363963,MUJAWAR AFSANA SIRAJMAHMED.,A/P. TAMDALGE.,TAL. SHIROL.,DIST. KOLHAPUR.,9762319124,
183,TAMDALGE,EO18761810000006,HARUN FAKIR,06/01/2026,Cash Memo Printed,07/01/2026,45706,Any Day,41364087,KAMBLE TANAJI DATTU.,A/P. TAMDALGE.,TAL. SHIROL.,DIST. KOLHAPUR.,9657128825,Rescheduled
184,Jainapur,EO18761810000010,MAHESH PATIL,04/01/2026,Cash Memo Printed,06/01/2026,45542,Any Day,41364305,PATIL BALASAHEB SATGONDA.,A/P. JAINAPUR.,TAL. SHIROL.,DIST. KOLHAPUR.,9404429132,Rescheduled
185,TAMDALGE,EO18761810000006,HARUN FAKIR,07/01/2026,Cash Memo Printed,10/01/2026,46108,Any Day,41364492,ADAMUTHE RAJKUMAR BAPU,TAMDALGE ADAMYTE,MALA TAL.SHIROL,DIST.KOLAPUR,9673409392,
186,DANOLI,EO18761810000003,RAJESH,07/01/2026,Cash Memo Printed,08/01/2026,45897,Any Day,41364944,RUKADE SWAPNIL CHAVAGONDA,"DANOLI,",RUKADE MALA.,TAL-SHIROL DIST-KOLHAPUR.,9766374080,Rescheduled
187,TAMDALGE,EO18761810000006,HARUN FAKIR,07/01/2026,Cash Memo Printed,10/01/2026,46109,Any Day,41364983,KAMBLE ANIL KRUSHNA,"TAMDALGE,",NEAR-BIRDEV MANDIR.,TAL-SHIROL DIST-KOLHAPUR.,8888469167,
188,TAMDALGE,EO18761810000006,HARUN FAKIR,08/01/2026,Cash Memo Printed,10/01/2026,46110,Any Day,41365089,KACHARE SHIVAJI B,TAMDALGE KOLHAPUR,ROAD,,9822393108,
189,SHAHUNAGAR,EO18761810000007,VISHWAS BHORE,05/01/2026,Cash Memo Printed,05/01/2026,45385,Any Day,41365118,KULKARNI SUDHA DINGBAR,"JANAKI, AKOLE HOSPITAL","SHEJARI,GANESH DAIRY JAWA","SHAHU NAGAR,",9881982431,Rescheduled
190,52 zopadpatti,EO18761810000007,VISHWAS BHORE,06/01/2026,Cash Memo Printed,10/01/2026,46003,Any Day,41365150,LAHUTE DINKAR DADOBA,"AVCHIT NAGAR,","JAYBHAVANI CHOWK,",SHAHUNAGAR,9075659582,
191,52 zopadpatti,EO18761810000007,VISHWAS BHORE,06/01/2026,Cash Memo Printed,10/01/2026,46001,Any Day,41365176,ILAI AKBAR INAMDAR,"AVCHIT NAGAR,","JUNYA DEBONS SHEJARI,",JAYSINGPUR.,9890935808,
192,52 zopadpatti,EO18761810000007,VISHWAS BHORE,08/01/2026,Cash Memo Printed,10/01/2026,46009,Any Day,41365194,PARIT MAHADEV ASHOK,"AVCHIT NAGAR,",SANGITA KIRANA STORES,"SHEJARI, JAYSINGPUR.",7249694437,
193,SHAHUNAGAR,EO18761810000007,VISHWAS BHORE,08/01/2026,Cash Memo Printed,10/01/2026,46065,Any Day,41365252,LOYA MIRA BAJRANG,"AVCHIT NAGAR, PLOT NO. 84",HANUMAN CHOWK,RIKSHA STOP JAWAL,8624986242,
194,52 zopadpatti,EO18761810000007,VISHWAS BHORE,05/01/2026,Cash Memo Printed,10/01/2026,45997,Any Day,41365291,ADAKE SAKHARAM DYANU,"AVCHIT NAGAR,","JAYBHAVANI CHOWK,",JAYSINGPUR.,9403234355,
195,SHIVSHAKTI COLO,EO18761810000007,VISHWAS BHORE,09/01/2026,Cash Memo Printed,10/01/2026,46100,Any Day,41365463,MR. HEMANT N RAJPUT  ,613 -,-,KOLHAPUR Maharashtra,8080963536,
196,SHAHUNAGAR,EO18761810000007,VISHWAS BHORE,06/01/2026,Cash Memo Printed,07/01/2026,45759,Any Day,41365468,Ms. JYOTI R BALLAI,BALLAI BANDAR,HOSPITAL NEAR SHAHUNAGAR,KOLHAPUR Maharashtra,8087911988,Rescheduled
197,SHAHUNAGAR,EO18761810000007,VISHWAS BHORE,07/01/2026,Cash Memo Printed,10/01/2026,46038,Any Day,41365625,DANGE SACHIN MAHADEV,"SHAHU NAGAR,DR GUJAR",COLLAGE GATE JAYSINGPUR.,NANDANI ROAD,9881695575,
198,SHAHUNAGAR,EO18761810000007,VISHWAS BHORE,09/01/2026,Cash Memo Printed,10/01/2026,46072,Any Day,41365659,SUTAR KUMAR GOPAL,"PLOT NO. 535/2,","SUDARSHAN CHOWK,","SHAHU NAGAR, JAYSINGPUR.",9503221037,
199,52 zopadpatti,EO18761810000007,VISHWAS BHORE,09/01/2026,Cash Memo Printed,10/01/2026,46011,Any Day,41365664,PAWAR DIPAK VASANT,"PLOT NO. 210,","AVCHIT NAGAR,",HAWAL SHEJARI,8308019101,
200,52 zopadpatti,EO18761810000007,VISHWAS BHORE,08/01/2026,Cash Memo Printed,10/01/2026,46010,Any Day,41365753,KALE VILAS KERABA,SAHU NAGER,AVACHIT NAGAR,JAYSINGPUR,9665757548,
201,52 zopadpatti,EO18761810000007,VISHWAS BHORE,06/01/2026,Cash Memo Printed,10/01/2026,46000,Any Day,41365762,LOYA MANGAL GOVINDRAM,"AVCHIT NAGAR,PLOT NO.134",HANUMAN CHOUK,JAYSINGPUR.TAL-SHIROL,9850779959,
202,SHAHUNAGAR,EO18761810000007,VISHWAS BHORE,07/01/2026,Cash Memo Printed,10/01/2026,46036,Any Day,41366068,MRS SUVARNA L SIDHANALE,3 -,1ST FLOOR MEIN ROAD,KOLHAPUR MAHARASHTRA Maha,8530452825,
203,52 zopadpatti,EO18761810000007,VISHWAS BHORE,10/01/2026,Cash Memo Printed,10/01/2026,46013,Any Day,41366199,JADHAV LAXMIBAI GANPATI.,"SHAHUNAGAR,JAY BHAVANI",LAHUTEDUKAN MAGE,TAL. SHIROL.,9405774094,
204,52 zopadpatti,EO18761810000007,VISHWAS BHORE,08/01/2026,Cash Memo Printed,10/01/2026,46007,Any Day,41366253,DHOTARE RAMESH HANMANTA.,"A/P. JAYBHAVANI CHOWK,","SHAHUNAGAR, JAYSINGPUR.",TAL. SHIROL.,9730594825,
205,RAMNAGAR,EO18761810000007,VISHWAS BHORE,07/01/2026,Cash Memo Printed,10/01/2026,46023,Any Day,41366276,JIRAGE SITAMMA BASAPPA.,"A/P. RAMNAGAR,",NAVAJIVAN HIGH SCHOOL,JAYSINGPUR TAL. SHIROL,9699589778,
206,SHAHUNAGAR,EO18761810000007,VISHWAS BHORE,06/01/2026,Cash Memo Printed,07/01/2026,45749,Any Day,41366340,LOYA RAJENDRAKUMAR JAYNARAYAN.,01 01,HOUSE,KOLHAPUR Maharashtra,8888402745,Rescheduled
207,SHAHUNAGAR,EO18761810000007,VISHWAS BHORE,09/01/2026,Cash Memo Printed,10/01/2026,46076,Any Day,41366367,GURAV RAJENDRA PRABHAKAR.,"A/P. SHAHUNAGAR,",KHADE SHEJARI,"JAYSINGPUR,TAL-SHIROL",9604076737,
208,SHAHUNAGAR,EO18761810000007,VISHWAS BHORE,09/01/2026,Cash Memo Printed,10/01/2026,46142,Any Day,41366409,MULLA ILAI HASAN.,"A/P. SHAUNAGAR,",GHARA SEJARI SAWANT GHARI,JAYSINGPUR TAL. SHIROL.,9421101047,
209,SAMDOLE MALA,EO18761810000007,VISHWAS BHORE,06/01/2026,Cash Memo Printed,07/01/2026,45800,Any Day,41366505,KAMBLE LAXMI ANIL.,JAMBHLIKAR VAKHARIJAWAL,PATEL CHOUK JAYSINGPUR.,TAL. SHIROL.,9604226944,Rescheduled
210,AVACHIT NAGAR,EO18761810000007,VISHWAS BHORE,08/01/2026,Cash Memo Printed,10/01/2026,46014,Any Day,41367170,PATIL ANANDI GOUTAM,PANCHMUKHI HANUMAN CHOCK,KARADE SMOR,TAL SHIROL,9011381886,
211,SHAHUNAGAR,EO18761810000007,VISHWAS BHORE,02/01/2026,Cash Memo Printed,03/01/2026,45112,Any Day,41367469,KULKARNI MOHAN MADHAV,SHAHUNAGARSANT SENA MANDI,JAYSINGPUR,SANT SENA MANDIR SAMOR,9527535120,Rescheduled
212,yash chidanad,EO18761810000007,VISHWAS BHORE,10/01/2026,Cash Memo Printed,10/01/2026,46136,Any Day,41367528,BANDAR RIYAZ RAHIM,BEGHAR VASAHAT,SHAHUNAGAR JAYSINGPUR,BANDAR HOSPITAL JAWAL,9767695530,
213,SHAHUNAGAR,EO18761810000007,VISHWAS BHORE,07/01/2026,Cash Memo Printed,10/01/2026,46031,Any Day,41367924,KULKARNI ANANT MADHUKAR,"SHAHU NAGAR,","RAMDAS MANDIR SAMOR,",BHAVISH WALA KACHARE SO R,9763875939,
214,52 zopadpatti,EO18761810000007,VISHWAS BHORE,04/01/2026,Cash Memo Printed,05/01/2026,45268,Any Day,41368250,BARGIR DASTGIR APPASO,HANUMAN MANDIR,C S NO. 3135/368/2 BEHIND,52 ZOPADPATTI,9922291453,Rescheduled
215,SAMDOLE MALA,EO18761810000007,VISHWAS BHORE,10/01/2026,Cash Memo Printed,10/01/2026,46030,Any Day,42870698,ASHOK SHIVRAM SALUNKHE  ,PAWAR 2470,SAMDOLE MALA TANAJI CHOUK,KOLHAPUR Maharashtra,8390380118,
216,SHAHUNAGAR,EO18761810000007,VISHWAS BHORE,10/01/2026,Cash Memo Printed,10/01/2026,46087,Any Day,48951791,ASHOK G KAMBLE,LAXMI MANDIR JAVAL,C/O.KOTHAWALE  CLASS,"SHAHUNAGAR,JAYSINGPUR.",8551921536,
217,SHIVSHAKTI COLO,EO18761810000007,VISHWAS BHORE,09/01/2026,Cash Memo Printed,10/01/2026,46099,Any Day,49338080,KHURPE NARENDR TATOBA,01 01,HOUSE SHIVSAKTI COLONY GA,KOLHAPUR Maharashtra,9822360504,
218,DANOLI,EO18761810000010,MAHESH PATIL,06/01/2026,Cash Memo Printed,07/01/2026,45680,Any Day,51744720,PATIL BAHUBALI MADGONDA,"DANOLI,",MALBHAG ANAND.,TAL-SHIROL DIST-KOLHAPUR,8856932267,Rescheduled
219,SHAHUNAGAR,EO18761810000007,VISHWAS BHORE,06/01/2026,Cash Memo Printed,07/01/2026,45769,Any Day,51865965,PATIL MILIND CHANDRAKANT,"PLOT NO 525,",guruprasad jwelars samor,shala no -9,9975025109,Rescheduled
220,SHAHUNAGAR,EO18761810000007,VISHWAS BHORE,06/01/2026,Cash Memo Printed,07/01/2026,45744,Any Day,51866219,PATIL SACHIN CHANDRAKANT,"PLOT NO 525,","SHAHU NAGAR,JAYSINGPUR,","TAL SHIROL,DIST KOLHAPUR.",7588112640,Rescheduled
221,DANOLI,EO18761810000010,MAHESH PATIL,07/01/2026,Cash Memo Printed,07/01/2026,45685,Any Day,51935934,MUJAVAR DILAVAR IMAN,"DANOLI,",KUMBOJ ROAD.,TAL-SHIROL DIST-KOLHAPUR.,9766703893,Rescheduled
222,SHAHUNAGAR,EO18761810000007,VISHWAS BHORE,09/01/2026,Cash Memo Printed,10/01/2026,46081,Any Day,52042137,PATIL AMOL SHANKAR,PLOT NO. 584/2,"SHARUDATT NIVAS,",SUDRASHAN CHOWK,9975689580,
223,SHAHUNAGAR,EO18761810000007,VISHWAS BHORE,03/01/2026,Cash Memo Printed,05/01/2026,45336,Any Day,52098625,TARAL SAGAR JAYPAL,ASHIRWAD BUIL.,DEVMORE SAMOR,SUDAESHAN CORNER,7385534023,Rescheduled
224,CHANDTARA MAJJI,EO18761810000007,VISHWAS BHORE,06/01/2026,Cash Memo Printed,07/01/2026,45673,Any Day,52151842,MALI BABASO SHRIPATRAV,"LAXMI MANDIR JAVAL,","SHAHU NAGAR,JAYSINGPUR,","TAL SHIROL,DIST KOLHAPUR.",9822312588,Rescheduled
225,SHIVSHAKTI COLO,EO18761810000007,VISHWAS BHORE,07/01/2026,Cash Memo Printed,10/01/2026,46095,Any Day,52197765,MANE SUHAS VITTHAL,SHIVASHKTI COLONY,JAYSINGPUR,,8551909696,
226,JAMBHALI,EO18761810000006,HARUN FAKIR,08/01/2026,Cash Memo Printed,09/01/2026,45919,Any Day,52292530,PATIL AJIT SADASHIV,"JAMBHALI,TAL SHIROL",DIST KOLHAPUR.,,9011694918,
227,DANOLI,EO18761810000003,RAJESH,08/01/2026,Cash Memo Printed,08/01/2026,45895,Any Day,52411324,DHANAVADE SADASHIV GOVIND,"DANOLI,",PASHIM MALBHAG.,TAL-SHIROL DIST-KOLHAPUR.,9021732692,Rescheduled
228,SHAHUNAGAR,EO18761810000007,VISHWAS BHORE,08/01/2026,Cash Memo Printed,10/01/2026,46051,Any Day,52643901,PAWAR KALPANA RAJU,"GANESH MANDAP JAVAL,","SHAHU NAGAR,JAYSINGPUR","TAL SHIROL,DIST KOLHAPUR",9370369220,
229,SHAHUNAGAR,EO18761810000007,VISHWAS BHORE,06/01/2026,Cash Memo Printed,07/01/2026,45764,Any Day,52661253,PAVAR  PRAKASH  SURESH,MAHALAXMI NAGAR,"PATEL CHOWK,","DABADE SHEJARI,",7385982733,Rescheduled
230,KOTHALI,EO18761810000010,MAHESH PATIL,05/01/2026,Cash Memo Printed,06/01/2026,45593,Any Day,52708335,GANJE JITENDRA BALU,LAXMINAGAR VASAHAT,KOTHALI,TAL SHIROL,8805656188,Rescheduled
231,KOTHALI,EO18761810000010,MAHESH PATIL,04/01/2026,Cash Memo Printed,06/01/2026,45590,Any Day,53021906,DHANAGAR AKARAM LAKSHMAN,DHANAGAR GALLI,KOTHALI,TAL SHIROL,9673855358,Rescheduled
232,TAMDALGE,EO18761810000006,HARUN FAKIR,09/01/2026,Cash Memo Printed,10/01/2026,46118,Any Day,53816484,GURAV MANOHAR NARAYAN,"GURAV MALA,",TAMDALGE.,TAL-SHIROL DIST-KOLHAPUR,9673893800,
233,SAMDOLE MALA,EO18761810000007,VISHWAS BHORE,06/01/2026,Cash Memo Printed,07/01/2026,45799,Any Day,54184693,PATHARVAT   KAMAL  KISAN  ,MALATI SADI BACK,52 ZOPADAPATI,KOLHAPUR Maharashtra,7758976098,Rescheduled
234,SHAHUNAGAR,EO18761810000007,VISHWAS BHORE,09/01/2026,Cash Memo Printed,10/01/2026,46077,Any Day,55595559,DHANAVADE  SAVKAR  SUDAM,SHAHU NAGAR RAMDAS MANDIR,JAVAL CHAKOTE SAMOR,JAYSINGPUR TAL SHIROL,9850246771,
235,TAMDALGE,EO18761810000006,HARUN FAKIR,09/01/2026,Cash Memo Printed,10/01/2026,46117,Any Day,56566493,PATIL DHANYAKUMAR MAHAVIR,"NEAR-JAIN BASTI,",TAMDALGE.,TAL-SHIROL DIST-KOLHAPUR,9730139089,
236,CHANDTARA MAJJI,EO18761810000007,VISHWAS BHORE,02/01/2026,Cash Memo Printed,03/01/2026,44989,Any Day,57540562,MRS SHABANA B MIRAJE,61/1 , ,KOLHAPUR MAHARASHTRA Maha,9270026433,Rescheduled
237,SHAHUNAGAR,EO18761810000007,VISHWAS BHORE,09/01/2026,Cash Memo Printed,10/01/2026,46075,Any Day,57794168,MRS SANJIVANI V KOKATE  ,HOUSE NO 5 01,SUDARSHAN CHOUK,KOLHAPUR Maharashtra,9359769380,
238,DANOLI,EO18761810000010,MAHESH PATIL,03/01/2026,Cash Memo Printed,05/01/2026,45286,Any Day,58016024,MR. BALASO A YEDURE  ,1503 01,PARAJ MALA,KOLHAPUR Maharashtra,9921118744,Rescheduled
239,SHAHUNAGAR,EO18761810000007,VISHWAS BHORE,08/01/2026,Cash Memo Printed,10/01/2026,46062,Any Day,58179661,MR. SANDIP M KALUGADE,sudarshan chouk,ghar no 5,KOLHAPUR MAHARASHTRA Maha,7620383323,
240,KOTHALI,EO18761810000010,MAHESH PATIL,03/01/2026,Cash Memo Printed,06/01/2026,45586,Any Day,59215182,MR. KARIM Y MUJAWAR,45 , ,KOLHAPUR MAHARASHTRA Maha,9657842123,Rescheduled
241,SHAHUNAGAR,EO18761810000007,VISHWAS BHORE,08/01/2026,Cash Memo Printed,10/01/2026,46059,Any Day,59714923,MRS NANDABAI V PATIL,3 H NO 3,MAHALAXMI NAGAR MAIN ROAD,KOLHAPUR MAHARASHTRA Maha,8007279618,
242,JAMBHALI,EO18761810000006,HARUN FAKIR,08/01/2026,Cash Memo Printed,09/01/2026,45920,Any Day,60069493,MR. SANDIP B CHAVAN,H/NO 461 124,A1 MALBHAG,KOLHAPUR MAHARASHTRA Maha,7774949202,
243,SHAHUNAGAR,EO18761810000007,VISHWAS BHORE,07/01/2026,Cash Memo Printed,10/01/2026,46044,Any Day,60080341,MR. RAKESH V NALAWADE,565 532,656 SHAHUNAGAR,KOLHAPUR MAHARASHTRA Maha,9527540532,
244,SHAHUNAGAR,EO18761810000007,VISHWAS BHORE,09/01/2026,Cash Memo Printed,10/01/2026,46084,Any Day,60119092,MRS SHABANA I DANWADE,45 BHIMA GARA JAVAL,RAMNAGAR ROAD,KOLHAPUR MAHARASHTRA Maha,9405017545,
245,SHAHUNAGAR,EO18761810000007,VISHWAS BHORE,06/01/2026,Cash Memo Printed,07/01/2026,45752,Any Day,60491392,MR. ASLAM H ATTAR,46/1 VAHIDA MAJIL,1 SHAHUNAGR,KOLHAPUR MAHARASHTRA Maha,9657172660,Rescheduled
246,SHAHUNAGAR,EO18761810000007,VISHWAS BHORE,07/01/2026,Cash Memo Printed,10/01/2026,46035,Any Day,62195481,MR. SANJAY P NIGAVE,PATEL CHOCK,JAMBHALIKAR VAKHAR JAWAL,SHAHUNAGER,9119537939,
247,KOTHALI,EO18761810000010,MAHESH PATIL,07/01/2026,Cash Memo Printed,10/01/2026,46188,Any Day,62385504,MR. ASAGAR J MORUCHE,41 -,1 FLOOR MUJAWAR GALLI,KOLHAPUR MAHARASHTRA Maha,8262964186,
248,KOTHALI,EO18761810000010,MAHESH PATIL,09/01/2026,Cash Memo Printed,10/01/2026,46201,Any Day,62787483,MRS VAISHALI D GANJE,12 -,1A KOTHI JAYSINGPUR ROAD,KOLHAPUR MAHARASHTRA Maha,8379953831,
249,SHAHUNAGAR,EO18761810000007,VISHWAS BHORE,05/01/2026,Cash Memo Printed,05/01/2026,45390,Any Day,63383111,MR. VIDYANAND A DAVARI,12 NANDANI NAKA,12 JOTIRLING DAVARI JAWAL,KOLHAPUR MAHARASHTRA Maha,7387146683,Rescheduled
250,SHAHUNAGAR,EO18761810000007,VISHWAS BHORE,03/01/2026,Cash Memo Printed,05/01/2026,45357,Any Day,63900008,RAMESH CHOUGONDA CHOUGULE,SHAHUNAGAR SHALA NO 9,RAMDAS MANDIR JAVAL,C/O-MOGLADE,9579547270,Rescheduled
251,SHAHUNAGAR,EO18761810000007,VISHWAS BHORE,03/01/2026,Cash Memo Printed,05/01/2026,45356,Any Day,65439721,MR. SUREKHA D DHOTRE,306 -,1 ST FLOOR SHAHUNAGAR ROA,KOLHAPUR MAHARASHTRA Maha,9371276054,Rescheduled
252,KOTHALI,EO18761810000010,MAHESH PATIL,09/01/2026,Cash Memo Printed,10/01/2026,46199,Any Day,65559173,MR. SAGAR S PATIL,77 -,1 ST FLOOR MEIN ROAD,KOLHAPUR MAHARASHTRA Maha,7249117084,
253,KOTHALI,EO18761810000010,MAHESH PATIL,08/01/2026,Cash Memo Printed,10/01/2026,46192,Any Day,65616913,MR. BHUSHAN P KAMBLE,2564 -,- MAIN ROAD,KOLHAPUR MAHARASHTRA Maha,7899137556,
254,SHAHUNAGAR,EO18761810000007,VISHWAS BHORE,09/01/2026,Cash Memo Printed,10/01/2026,46074,Any Day,65746408,MR. KASHAPPA B BIRAJDAR,SAMDOLE MALA,LAUHATE KIRANA BACK SAID,NEAR MADHUKAR LAU,9657037531,
255,SHAHUNAGAR,EO18761810000007,VISHWAS BHORE,01/01/2026,Cash Memo Printed,03/01/2026,45076,Any Day,65869806,MS. NOSINBANU A PATEL,CHAND TARA MASHID,JAVAL SHAHUNAGAR,KOLHAPUR MAHARASHTRA Maha,9588603312,Rescheduled
256,DANOLI,EO18761810000010,MAHESH PATIL,05/01/2026,Cash Memo Printed,06/01/2026,45531,Any Day,67193055,MR. HANMANT S RAUT,- 1ST FLOOR,- KUMBHOJ ROAD,KOLHAPUR MAHARASHTRA Maha,8805124991,Rescheduled
257,SHAHUNAGAR,EO18761810000007,VISHWAS BHORE,10/01/2026,Cash Memo Printed,10/01/2026,46091,Any Day,67477059,MR. SUMATILAL S BARADE  ,3272 2,NEAR OZA BHAVAN,KOLHAPUR Maharashtra,9421287114,
258,SHIVSHAKTI COLO,EO18761810000007,VISHWAS BHORE,08/01/2026,Cash Memo Printed,10/01/2026,46098,Any Day,68624355,MR. ASHOK D KALKUTE  ,221 01,HOUSE,KOLHAPUR Maharashtra,9764325484,
259,52 zopadpatti,EO18761810000007,VISHWAS BHORE,03/01/2026,Cash Memo Printed,03/01/2026,44985,Any Day,68663302,MR. SURESH O CHAVAN,52 -,- 52 ZOPADPATTI,KOLHAPUR MAHARASHTRA Maha,8530407811,Rescheduled
260,RAMNAGAR,EO18761810000007,VISHWAS BHORE,04/01/2026,Cash Memo Printed,05/01/2026,45329,Any Day,69684218,MR. SACHIN N GADEEVADAR,33 -,- KOLHAPUR ROAD,KOLHAPUR MAHARASHTRA Maha,9823509750,Rescheduled
261,DANOLI,EO18761810000010,MAHESH PATIL,05/01/2026,Cash Memo Printed,06/01/2026,45536,Any Day,70405137,MR. DATTATRYA S POWAR,1819 -,- AADARSH GAV,KOLHAPUR MAHARASHTRA Maha,7083571555,Rescheduled
262,SAMDOLE MALA,EO18761810000007,VISHWAS BHORE,08/01/2026,Cash Memo Printed,10/01/2026,46029,Any Day,70798170,MR. VINAYAK V SHINDE,UPKAR NAGAR,NEAR MAGDUM SOC.,KOLHAPUR MAHARASHTRA Maha,9922997679,
263,SHAHUNAGAR,EO18761810000007,VISHWAS BHORE,05/01/2026,Cash Memo Printed,07/01/2026,45731,Any Day,70883512,MR. RAJU K KOLI,71 -,- LAXMI MANDIR RAMNAGAR,KOLHAPUR MAHARASHTRA Maha,9922816262,Rescheduled
264,KONDIGRE,EO18761810000003,RAJESH,08/01/2026,Cash Memo Printed,10/01/2026,46180,Any Day,71460378,MRS SHIVAJI B KAMBLE,2 2,2 SA RE PATIL MALA,KOLHAPUR MAHARASHTRA Maha,9921689542,
265,KONDIGRE,EO18761810000003,RAJESH,09/01/2026,Cash Memo Printed,10/01/2026,46168,Any Day,71722262,MISS DEEPAK S KAMBLE,6 6,6 SAMAJ MANDIR JAVAL,KOLHAPUR MAHARASHTRA Maha,7083858302,
266,SHAHUNAGAR,EO18761810000007,VISHWAS BHORE,10/01/2026,Cash Memo Printed,10/01/2026,46144,Any Day,72029042,MR. SWAPNIL A KULKARNI,6 6,6 KACHARE SOCITY ROAD,KOLHAPUR MAHARASHTRA Maha,9730648449,
267,SHAHUNAGAR,EO18761810000007,VISHWAS BHORE,06/01/2026,Cash Memo Printed,07/01/2026,45762,Any Day,72616411,MR. SANDEEP M BEDAGE,SHALA NO 9,GOKUL DUDH BACK SAID,DALAVI DANK,9370017777,Rescheduled
268,52 zopadpatti,EO18761810000007,VISHWAS BHORE,03/01/2026,Cash Memo Printed,05/01/2026,45267,Any Day,72629561,MRS BHARATI P GHATGE,652 -,ABHAY PEPASI TIRANGA CHOU,KOLHAPUR MAHARASHTRA Maha,9156875214,Rescheduled
269,SHAHUNAGAR,EO18761810000007,VISHWAS BHORE,09/01/2026,Cash Memo Printed,10/01/2026,46071,Any Day,72746141,MRS MALUTAI R SUTAR,38 38,39 SUDARSHAN CHOWK,KOLHAPUR MAHARASHTRA Maha,8698254241,
270,SHAHUNAGAR,EO18761810000007,VISHWAS BHORE,07/01/2026,Cash Memo Printed,10/01/2026,46040,Any Day,72754209,MRS IRFANA N MUJAWAR,SHAHUNAGAR,SHAHUNAGAR,KOLHAPUR MAHARASHTRA Maha,9921518896,
271,SHAHUNAGAR,EO18761810000007,VISHWAS BHORE,03/01/2026,Cash Memo Printed,05/01/2026,45337,Any Day,72786374,MR. KISHOR  R POWAR,22 22,23 BHOJANE KIRANA STORE,KOLHAPUR MAHARASHTRA Maha,9766188278,Rescheduled
272,SUDHARSHAN CHOU,EO18761810000007,VISHWAS BHORE,02/01/2026,Cash Memo Printed,03/01/2026,45128,Any Day,72893775,MR. SUNIL J TARAL,3 6,9 SUDARSHAN CHOUK,KOLHAPUR MAHARASHTRA Maha,9822349252,Rescheduled
273,JAMBHALI,EO18761810000006,HARUN FAKIR,08/01/2026,Cash Memo Printed,09/01/2026,45917,Any Day,73059553,MR. BHANUDAS B MORE,9 8,7 PANYACHYA TAKI SHEJARI,KOLHAPUR MAHARASHTRA Maha,7887466145,
274,SHAHUNAGAR,EO18761810000007,VISHWAS BHORE,10/01/2026,Cash Memo Printed,10/01/2026,46088,Any Day,73178593,MS. SUVARNA R TARE,5 4,6 K R PATIL SCHOOL JAVAL,KOLHAPUR MAHARASHTRA Maha,8087996833,
275,KOTHALI,EO18761810000010,MAHESH PATIL,03/01/2026,Cash Memo Printed,06/01/2026,45589,Any Day,73326985,MR. SUKHADEV I KAMBLE,385 -,NAVIN GRAMPANCHYAT MEAIN ,KOLHAPUR MAHARASHTRA Maha,7057851609,Rescheduled
276,KOTHALI,EO18761810000010,MAHESH PATIL,08/01/2026,Cash Memo Printed,10/01/2026,46196,Any Day,73366980,MR. SANJAY B JADHAV      ,652 01,SHAMBHURAJE CHOUK,KOLHAPUR Maharashtra,9970507410,
277,DANOLI,EO18761810000003,RAJESH,08/01/2026,Cash Memo Printed,08/01/2026,45903,Any Day,73615258,MR. DHANAJI B GHATAGE,652 -,PANYACHI TAKI JAYSINGPUR ,KOLHAPUR MAHARASHTRA Maha,9766706311,Rescheduled
278,SHALA NO 9,EO18761810000007,VISHWAS BHORE,06/01/2026,Cash Memo Printed,07/01/2026,45721,Any Day,74323196,GATADE RATNMALA DINKAR,SHALA NO 9 HIRA BULINDIG,C/O KARNALE SIR,SHAHU CHOUK MORE GARAJ SO,9923060015,Rescheduled
279,CHANDTARA MAJJI,EO18761810000007,VISHWAS BHORE,09/01/2026,Cash Memo Printed,10/01/2026,46015,Any Day,74484935,MR. PUJA S KALE,- GROUND FLOOR,NEAR LAXMI MANDIR MAIN RO,KOLHAPUR MAHARASHTRA Maha,8308886238,
280,DANOLI,EO18761810000010,MAHESH PATIL,04/01/2026,Cash Memo Printed,05/01/2026,45292,Any Day,77107346,MRS SNEHAL S DINDE,8 7,6 POST OFFICE JAVAL,KOLHAPUR MAHARASHTRA Maha,9730867409,Rescheduled
281,52 zopadpatti,EO18761810000007,VISHWAS BHORE,06/01/2026,Cash Memo Printed,10/01/2026,46002,Any Day,77108732,MRS KASTURI  L GADIVADAR  ,01 1,2,KOLHAPUR Maharashtra,7887440858,
282,52 zopadpatti,EO18761810000007,VISHWAS BHORE,06/01/2026,Cash Memo Printed,10/01/2026,45999,Any Day,77168179,MRS SITABAI V DHOTRE  ,01 0,01,KOLHAPUR Maharashtra,9890521001,
283,SHAHUNAGAR,EO18761810000007,VISHWAS BHORE,04/01/2026,Cash Memo Printed,05/01/2026,45365,Any Day,78732409,MS. ANIL S SUTAR,535 0,2 SHAHUNAGAR,KOLHAPUR MAHARASHTRA Maha,7218117711,Rescheduled
284,KOTHALI,EO18761810000010,MAHESH PATIL,01/01/2026,Cash Memo Printed,06/01/2026,45581,Any Day,81332336,MRS ALAKA B KAMBALE,652 -,STAND MAGE MEAIN ROAD,KOLHAPUR MAHARASHTRA Maha,7498750872,Rescheduled
285,SHAHUNAGAR,EO18761810000007,VISHWAS BHORE,05/01/2026,Cash Memo Printed,07/01/2026,45732,Any Day,81456175,MRS SARITA S INGALE  ,01 01,HOUSE,KOLHAPUR Maharashtra,7381999711,Rescheduled
286,SUDHARSHAN CHOU,EO18761810000007,VISHWAS BHORE,07/01/2026,Cash Memo Printed,10/01/2026,46104,Any Day,83066250,MRS SHOBHA A REPE  ,02 1,1,KOLHAPUR Maharashtra,9545901281,
287,SHAHUNAGAR,EO18761810000007,VISHWAS BHORE,04/01/2026,Cash Memo Printed,05/01/2026,45364,Any Day,83384494,MR. SANTOSH K ALIKATTI,RAVAJI CH SOMAR,ATEL BAJUAS,RAVAJI CH SOMAR,7083835582,Rescheduled
288,DANOLI,EO18761810000010,MAHESH PATIL,06/01/2026,Cash Memo Printed,07/01/2026,45683,Any Day,83778224,MISS KARISHMA R HAKIM,25 32,1 BEGHAR VASAHAT ,KOLHAPUR MAHARASHTRA Maha,9284191867,Rescheduled
289,DANOLI,EO18761810000010,MAHESH PATIL,04/01/2026,Cash Memo Printed,05/01/2026,45290,Any Day,83778285,MRS AKKATAI S TIVADE,5 12,41 BEGHAR VASAHAT,KOLHAPUR MAHARASHTRA Maha,9022325564,Rescheduled
290,DANOLI,EO18761810000003,RAJESH,07/01/2026,Cash Memo Printed,08/01/2026,45898,Any Day,83781310,MRS REHANABI S MUJAWAR,01 01,01 BEGHAR VASAHAT ,KOLHAPUR MAHARASHTRA Maha,9175834865,Rescheduled
291,KOTHALI,EO18761810000010,MAHESH PATIL,06/01/2026,Cash Memo Printed,06/01/2026,45595,Any Day,85360246,MS. SUSHILA B KHAWATE,1252 -,- MAIN ROAD,KOLHAPUR Maharashtra,7083521034,Rescheduled
292,SHIVSHAKTI COLO,EO18761810000007,VISHWAS BHORE,09/01/2026,Cash Memo Printed,10/01/2026,46102,Any Day,85661599,MRS GULZAR M MANEKHAN,01 20,30 AVCHIT NQAGAR,KOLHAPUR Maharashtra,9665314438,
293,SHAHUNAGAR,EO18761810000007,VISHWAS BHORE,08/01/2026,Cash Memo Printed,10/01/2026,46060,Any Day,85990352,MRS SUVARNA N PAVAR,01 20,33 MAHALAXMI CHOUK ,KOLHAPUR Maharashtra,9067194879,
294,KONDIGRE,EO18761810000003,RAJESH,08/01/2026,Cash Memo Printed,10/01/2026,46165,Any Day,86395661,MRS PRAMILA M KOPAL,56 52,14 KOLAP GALLI ,KOLHAPUR Maharashtra,9028289004,
295,DANOLI,EO18761810000003,RAJESH,07/01/2026,Cash Memo Printed,08/01/2026,45899,Any Day,87003052,MRS SUJATA V MANE,- -,- MAIN ROAD,KOLHAPUR Maharashtra,9766733669,Rescheduled
296,JAMBHALI,EO18761810000006,HARUN FAKIR,06/01/2026,Cash Memo Printed,09/01/2026,45915,Any Day,87912274,Mr. SAGAR  B YADAV,56 14,25 MORE MALA,KOLHAPUR Maharashtra,9823454689,
297,KOTHALI,EO18761810000010,MAHESH PATIL,07/01/2026,Cash Memo Printed,10/01/2026,46186,Any Day,88850496,Mr. JAYASHREE S KAMBALE,- -,- MAIN ROAD,KOLHAPUR Maharashtra,9028859295,
298,SAMDOLE MALA,EO18761810000007,VISHWAS BHORE,08/01/2026,Cash Memo Printed,10/01/2026,46027,Any Day,89289506,MR. ANIL B PAWAR,01 01,HOUSE SHAHUNAGAR,KOLHAPUR Maharashtra,7057450750,
299,SHAHUNAGAR,EO18761810000007,VISHWAS BHORE,02/01/2026,Cash Memo Printed,03/01/2026,45092,Any Day,89336151,MR. RVINDR V CHAVAN,01 01,HOUSE SHAHUNAGAR,KOLHAPUR Maharashtra,9156589855,Rescheduled
300,KOTHALI,EO18761810000010,MAHESH PATIL,07/01/2026,Cash Memo Printed,10/01/2026,46189,Any Day,89570360,Mr. DILAWAR K MUJAWAR,- -,- MAIN ROAD,KOLHAPUR Maharashtra,9096570047,
301,SHIVSHAKTI COLO,EO18761810000007,VISHWAS BHORE,05/01/2026,Cash Memo Printed,07/01/2026,45716,Any Day,90346315,MR. PATIL PAYGONDA BALAGONDA  ,01 45,74 SHIVSHAKATTI COLONY,KOLHAPUR Maharashtra,9881910293,Rescheduled
302,JAMBHALI,EO18761810000006,HARUN FAKIR,08/01/2026,Cash Memo Printed,09/01/2026,45924,Any Day,92305473,Mrs YASMIN V DANVADE,45 79,GROUND FLOWRA MAIN ROAD,KOLHAPUR Maharashtra,9975243162,
303,JAYBHAVANI CHOU,EO18761810000007,VISHWAS BHORE,09/01/2026,Cash Memo Printed,10/01/2026,46022,Any Day,94149597,Mr. TIRTHANKAR  M TARE,C S NO127/A/B/C/D,GALLY NO 2,PRIME REGENCY,7875689386,
304,SHIVSHAKTI COLO,EO18761810000007,VISHWAS BHORE,08/01/2026,Cash Memo Printed,10/01/2026,46096,Any Day,96538825,Mrs MAYURI P SHINGE,DURVANKUN HIGHT,SHIVATEJ CHOUK,PLOT NO FF3,9881572872,
305,SAMDOLE MALA,EO18761810000007,VISHWAS BHORE,02/01/2026,Cash Memo Printed,03/01/2026,45074,Any Day,97699407,Mrs RUPALI S KOTWAL,01 01,HOUSE SHAHUNAGAR,KOLHAPUR Maharashtra,9172779500,Rescheduled
306,SHAHUNAGAR,EO18761810000007,VISHWAS BHORE,07/01/2026,Cash Memo Printed,07/01/2026,45776,Any Day,97797008,Mrs SARTAJ N ARAB,01 01,HOUSE SHAHUNAGAR,KOLHAPUR Maharashtra,8483814598,Rescheduled
307,52 zopadpatti,EO18761810000007,VISHWAS BHORE,07/01/2026,Cash Memo Printed,10/01/2026,46005,Any Day,100128335,Mrs MANISHA B PATHARVAT,01 01,HOUSE NANDANI ROAD,KOLHAPUR Maharashtra,7798298952,
308,SHAHUNAGAR,EO18761810000007,VISHWAS BHORE,08/01/2026,Cash Memo Printed,10/01/2026,46139,Any Day,104349368,Mr. BAPUSO SHANKAR VAGMORE  ,01 104,HOUSE SAHUNAGAR,KOLHAPUR Maharashtra,9422626624,
309,GANPATI MANDIR,EO18761810000007,VISHWAS BHORE,06/01/2026,Cash Memo Printed,07/01/2026,45688,Any Day,106742193,Mr. PRABHAKAR N DHANAWADE,01 01,HOUSE MAN ROAD,KOLHAPUR Maharashtra,9146140642,Rescheduled
310,SHAHUNAGAR,EO18761810000007,VISHWAS BHORE,07/01/2026,Cash Memo Printed,10/01/2026,46043,Any Day,107447442,Mrs VAISHALI V KATKAR,KATKAR 570/1,HOUSE SHAHUNAGAR,KOLHAPUR Maharashtra,8975460102,
311,SHALA NO 9,EO18761810000007,VISHWAS BHORE,06/01/2026,Cash Memo Printed,07/01/2026,45720,Any Day,109579526,Mr. SHREEHARI S TAKLIKAR,SHIVPARVAT 338/2,BUILDING SHALA NO 9,KOLHAPUR Maharashtra,9881732594,Rescheduled
312,JAMBHALI,EO18761810000006,HARUN FAKIR,09/01/2026,Cash Memo Printed,09/01/2026,45927,Any Day,109632279,Mr. SURESH B NANDIWALE,SONA 124,HOUSE MAL BHAG,KOLHAPUR Maharashtra,9284448602,
313,DANOLI,EO18761810000010,MAHESH PATIL,04/01/2026,Cash Memo Printed,05/01/2026,45293,Any Day,109916230,Mrs KAVITA G PUJARI,SHRYASH 45,MEND WADA PANYACH TAKI JA,KOLHAPUR Maharashtra,8262980835,Rescheduled
314,SUDHARSHAN CHOU,EO18761810000007,VISHWAS BHORE,07/01/2026,Cash Memo Printed,10/01/2026,46105,Any Day,112660742,Mr. SANJAY R DONGARE,632/2 SHAUNAGAR,SUDARSHAN CHOUK,KOLHAPUR Maharashtra,7083554057,
315,SHALA NO 9,EO18761810000007,VISHWAS BHORE,10/01/2026,Cash Memo Printed,10/01/2026,46094,Any Day,113475585,Mr. SHREYAS A MORE,MORE 505/2,BUILDING SHALA NO 9 JAVAL,KOLHAPUR Maharashtra,7387443084,
316,DANOLI,EO18761810000010,MAHESH PATIL,05/01/2026,Cash Memo Printed,06/01/2026,45535,Any Day,114262808,Mrs ALAKA V GADAKARI,SUJIT 1637,SHERI MALA MALA BHAG,KOLHAPUR Maharashtra,7083086555,Rescheduled
317,JAMBHALI,EO18761810000006,HARUN FAKIR,08/01/2026,Cash Memo Printed,09/01/2026,45925,Any Day,115378691,Mr. SACHIN H KOLI,KOLI 55/33,NIAK MANDIR JAVAL,KOLHAPUR Maharashtra,7757949464,
318,SHAHUNAGAR,EO18761810000007,VISHWAS BHORE,07/01/2026,Cash Memo Printed,10/01/2026,46046,Any Day,115815818,Mrs POONAM S DHAVALE,C/O VIKAS DEVAKE,"KOLHAPUR ROAD,BEHIND","AKASHWANI,FROUNT OF WATER",9405351693,
319,RAMNAGAR,EO18761810000007,VISHWAS BHORE,08/01/2026,Cash Memo Printed,10/01/2026,46024,Any Day,120572062,Mr. VEDANT K SHINGE,KAMBLE RAM NAGAR,PATEL CHOUK  BACK SAID,KOLHAPUR Maharashtra,9594521310,
320,SHAHUNAGAR,EO18761810000007,VISHWAS BHORE,06/01/2026,Cash Memo Printed,07/01/2026,45745,Any Day,120618213,Mr. SUHEL S MUJAWAR,SALIM 355/1,JAIN MANDIR JAVAL SHAHUNA,KOLHAPUR Maharashtra,8421004740,Rescheduled
321,SHIVSHAKTI COLO,EO18761810000007,VISHWAS BHORE,09/01/2026,Cash Memo Printed,10/01/2026,46101,Any Day,120925973,Mrs SARIKA R BHONG,SAYALI 91/20,C/O SADAFULE SHIV SHAKTI ,KOLHAPUR Maharashtra,8605960099,
322,JAMBHALI,EO18761810000006,HARUN FAKIR,08/01/2026,Cash Memo Printed,09/01/2026,45923,Any Day,122324100,Mrs HEMA SANJAY MALI   ,MALI MALA ,NEAR BAVACHI MALA MAN ROA,KOLHAPUR Maharashtra,9766726790,

