﻿ExecutionTime,RSPandMIDetailReport
Report Generated At 23/02/2026  09:22:50,Generated/Printed Cash Memo List

SLNo,AreaDescription,eKYCOperatorId,eKYCOperatorName,BookDate,CashMemoStatus,CashMemoDate,CashMemoNo,PtdDay,ConsumerNumber,ConsumerName,Address1,Address2,Address3,MobileNumber,IsRescheduled
1,JAMBHALI,EO18761810000006,HARUN FAKIR,21/02/2026,Cash Memo Printed,23/02/2026,53354,Any Day,26687022,BHENDAWADE MAHAMADHASAN A,MAL BHAG,CHOUK,JAMBHALI,9096539632,
2,NANDHNI ROAD,EO18761810000003,RAJESH,20/02/2026,Cash Memo Printed,23/02/2026,53284,Any Day,40966408,ARCHANA SUKUMAR KAMBLE,NANDANI ROAD,SAMBHAJI NAGAR,01,9405263340,
3,SHAHUNAGAR,EO18761810000007,VISHWAS BHORE,18/02/2026,Cash Memo Printed,19/02/2026,52858,Any Day,40967029,CHAVAN DHARMAPPA TEJU.,MODI HOSPATIL MAGE,SAKRAP GODAUN JAWAL,SAMDOLE MAL,9975553776,
4,SHAHUNAGAR,EO18761810000007,VISHWAS BHORE,21/02/2026,Cash Memo Printed,23/02/2026,53245,Any Day,40969027,PADMAKAR A. M.,SHAHUNAGAR,PLOT NO.327,C/O.CHIVATE PRINTAR,0,
5,yash chidanad,EO18761810000007,VISHWAS BHORE,22/02/2026,Cash Memo Printed,23/02/2026,53276,Any Day,40969512,Mr. AMAR B MINIYAR,LALJI 643/1,BUILDING SHAHUNAGAR,KOLHAPUR Maharashtra,9423857991,
6,SHAHUNAGAR,EO18761810000007,VISHWAS BHORE,20/02/2026,Cash Memo Printed,21/02/2026,53101,Any Day,40969842,MRS FULABAI H KATKAR,57011 SHALA NO 9,57011 MAIN ROAD,KOLHAPUR MAHARASHTRA Maha,9130468279,
7,SHAHUNAGAR,EO18761810000007,VISHWAS BHORE,17/02/2026,Cash Memo Printed,18/02/2026,52786,Any Day,40969949,AWATI SUSHMA M.,"SHAHU NAGAR,","SUDARSHAN CHOWK,","PLOT NO. 52/53,JAYSINGPUR",9881085961,
8,SHAHUNAGAR,EO18761810000007,VISHWAS BHORE,17/02/2026,Cash Memo Printed,18/02/2026,52802,Any Day,40970134,MURDANDE SANTOSH D,K R PATIL SCHOOL SHEJARI,SIDDESHWAR NAGAR,"SHAHUNAGAR,JAYSINGPUR",9850398099,
9,SUDHARSHAN CHOU,EO18761810000007,VISHWAS BHORE,14/02/2026,Cash Memo Printed,14/02/2026,51623,Any Day,40970142,ELEGAR PRAMESHVAR PUTAPPA,SUDARSHAN CHOUK,C/O.SANDIP PISE,SHAHUNAGAR,8087212046,
10,SHALA NO 9,EO18761810000007,VISHWAS BHORE,18/02/2026,Cash Memo Printed,20/02/2026,53029,Any Day,40970261,URUNKAR SHRINIVAS VASANT,PLOT NO. 475/1,KALPANA NIVAS,NEAR KARMVEER PATSANSTHA,7020860129,
11,SHAHUNAGAR,EO18761810000007,VISHWAS BHORE,21/02/2026,Cash Memo Printed,21/02/2026,53106,Any Day,40970335,PATIL RAVINDRA RAGHUNATH.,"JAYBHAVANI CHOWK,",NEAR SAI MANDIR,JAYSINGPUR.,9011039788,
12,JAMBHALI,EO18761810000006,HARUN FAKIR,22/02/2026,Cash Memo Printed,23/02/2026,53356,Any Day,40977095,MORE RAVINDRA JOTIRAM,MAL BHAG,"C/O. DILIP POWAR,",JAMBHALI,9767971551,
13,NANDHNI ROAD,EO18761810000003,RAJESH,22/02/2026,Cash Memo Printed,23/02/2026,53289,Any Day,40977132,Mrs GEETA V GOSAVI,MANGAL NANDANI NAKA,SAMADHAN DHABA JAVAL MAN ,KOLHAPUR Maharashtra,9970595442,
14,NANDHNI ROAD,EO18761810000003,RAJESH,18/02/2026,Cash Memo Printed,23/02/2026,53291,Any Day,40977763,Ms. VAISHALI S KOLI,SUNIL NANDANI ROAD,JAYSING NAGAR MALU HIGH J,KOLHAPUR Maharashtra,9822790932,
15,JAMBHALI,EO18761810000006,HARUN FAKIR,23/02/2026,Cash Memo Printed,23/02/2026,53362,Any Day,40978268,MR. RAYGONDA S PATIL,5 5,5 JAMBHALI HIGHSCHOOL,KOLHAPUR MAHARASHTRA Maha,9604248821,
16,JAMBHALI,EO18761810000006,HARUN FAKIR,21/02/2026,Cash Memo Printed,23/02/2026,53355,Any Day,40978454,JADHAV EKNATH TUKARAM,JAMBHALI.,,,9763306540,
17,JAMBHALI,EO18761810000006,HARUN FAKIR,20/02/2026,Cash Memo Printed,23/02/2026,53353,Any Day,40978464,MR. SHIVAJI S JADHAV,573/1 DATTAPRABHU NIWAS,JADHAV MALA NANDANI ROAD,KOLHAPUR MAHARASHTRA Maha,9921485174,
18,JAMBHALI,EO18761810000006,HARUN FAKIR,20/02/2026,Cash Memo Printed,23/02/2026,53352,Any Day,40978469,POTDAR BHASKAR GANESH.,A/P. JAMBHALI.,TAL. SHIROL.,DIST. KOLHAPUR.,7875507341,
19,JAMBHALI,EO18761810000006,HARUN FAKIR,11/02/2026,Cash Memo Printed,16/02/2026,52289,Any Day,40978556,DESAI BALASO BAPU,A/P JAMBHALI,,,8390629064,
20,JAMBHALI,EO18761810000006,HARUN FAKIR,23/02/2026,Cash Memo Printed,23/02/2026,53361,Any Day,40979066,CHAVAN BALAJI BAJRANG,A/PJAMBHALI,MALBHAG,,9834190755,
21,JAMBHALI,EO18761810000006,HARUN FAKIR,23/02/2026,Cash Memo Printed,23/02/2026,53358,Any Day,40979085,PATIL RAMGONDA LAKHGONDA,PATIL GALLI.A/P JAMBHALI,HOUSE NO 124E12,,7038882176,
22,SHAHUNAGAR,EO18761810000007,VISHWAS BHORE,16/02/2026,Cash Memo Printed,16/02/2026,52087,Any Day,40979293,CHOUGULE KARUNA SHAMU,BLOCK 461/3244 9NO SHALA,NEAR JAIN MANDIR,SHAHUNAGAR,9822499107,
23,SHAHUNAGAR,EO18761810000007,VISHWAS BHORE,23/02/2026,Cash Memo Printed,23/02/2026,53258,Any Day,40979294,PATIL PRADIP RAMGONDA,"SHAHU NAGAR, PLOT NO. 243","GANPATI MANDIR SAMOR,",JAYSINGPUR.,9421108845,
24,SHAHUNAGAR,EO18761810000007,VISHWAS BHORE,17/02/2026,Cash Memo Printed,18/02/2026,52787,Any Day,40979318,MADIWAN SUVARNAMALA RANGRAO,"SHAHU NAGAR, MITRAPREM,","DADA GAREJ SAMOR,",DR GUJAR JAYSINGPUR.,9890664554,
25,SHAHUNAGAR,EO18761810000007,VISHWAS BHORE,22/02/2026,Cash Memo Printed,23/02/2026,53252,Any Day,40979342,Mr. RANJITSINGH T MORE,SARASWATI 226/2,GANESH MANDIR JAVAL SHAHU,KOLHAPUR Maharashtra,9604173711,
26,NANDHNI ROAD,EO18761810000003,RAJESH,04/02/2026,Cash Memo Printed,06/02/2026,50849,Any Day,40979355,DONGARE SACHIN MARUTI,"NANDANI ROAD, NEAR DR.",KIRAN HOSPITALJAYSINGPUR.,,7083776868,
27,SHAHUNAGAR,EO18761810000007,VISHWAS BHORE,19/02/2026,Cash Memo Printed,20/02/2026,53005,Any Day,40979365,MR. YASHODHAN J PATIL  ,01 01,HOUSE,KOLHAPUR Maharashtra,9890517035,
28,SHAHUNAGAR,EO18761810000007,VISHWAS BHORE,21/02/2026,Cash Memo Printed,21/02/2026,53126,Any Day,40979386,SALIGRAM B. G.,JAIN MANDIR ROAD,BANDAR GARI,INAMDAR TELAR JAVAL,9823966786,
29,SHAHUNAGAR,EO18761810000007,VISHWAS BHORE,19/02/2026,Cash Memo Printed,20/02/2026,53009,Any Day,40979395,LATTHE ADINATH GANPATI    ,371 01,HOUSE,KOLHAPUR Maharashtra,9096504206,
30,NANDHNI ROAD,EO18761810000003,RAJESH,13/02/2026,Cash Memo Printed,16/02/2026,52320,Any Day,40979440,Ms. SUNITA R GHORPADE,01 01,HOUSE NANDANI ROAD,KOLHAPUR Maharashtra,9975414690,
31,SHAHUNAGAR,EO18761810000007,VISHWAS BHORE,19/02/2026,Cash Memo Printed,19/02/2026,52874,Any Day,40979463,JAGJAMPI SUNITA PRADIP,"UMRANI SAR SHEJARI,","SHAHU NAGAR, PLOT NO.484,",JAYSINGPUR.,9850511317,
32,NANDHNI ROAD,EO18761810000003,RAJESH,21/02/2026,Cash Memo Printed,23/02/2026,53287,Any Day,40979470,Mr. SHRIDHAR P KARANDE,DAMYANTI SADAN,NANDANI ROAD NEAR GEETA C,KOLHAPUR Maharashtra,9359414927,
33,SHAHUNAGAR,EO18761810000007,VISHWAS BHORE,22/02/2026,Cash Memo Printed,23/02/2026,53254,Any Day,40979514,ATTAR IMTIYAJ AMIN,H.NO.369 'NIYAJ'BUIL.,"NANDANI NAKA, ATTAR HOS.,",JAYSINGPUR.,9890756786,
34,NANDHNI ROAD,EO18761810000003,RAJESH,18/02/2026,Cash Memo Printed,23/02/2026,53281,Any Day,40979560,MRS MEGHA V POTADAR  ,308/1 308/1,HOUSE,KOLHAPUR Maharashtra,9923004924,
35,KAVATHESAR,EO18761810000010,MAHESH PATIL,20/02/2026,Cash Memo Printed,23/02/2026,53236,Any Day,40979579,PATIL ARTI AJIT.,HIGANGAV,KUMBHOJ ROAD,MAN ROAD,8605126385,
36,NANDHNI ROAD,EO18761810000003,RAJESH,10/02/2026,Cash Memo Printed,16/02/2026,52326,Any Day,40979604,MS. SUVARNA R BANNE,212 2,1 NANDANI ROAD,KOLHAPUR MAHARASHTRA Maha,7030870093,
37,SHAHUNAGAR,EO18761810000007,VISHWAS BHORE,19/02/2026,Cash Memo Printed,20/02/2026,53006,Any Day,40979633,GADIVADAR BALU IRAPPA.,"SHAHUNAGAR, NEARCHAKOTE","RAM-MANDIR, JAYSINGPUR.",EGLISH SCHOOL,9881258154,
38,SHAHUNAGAR,EO18761810000007,VISHWAS BHORE,17/02/2026,Cash Memo Printed,18/02/2026,52788,Any Day,40979640,WAGHOLI LINGAPPA GURUSIDHAPPA.,"K R PATIL SHALEMAGE,","PLOT 35 , MAMLEDAR ASHOK","KAMBLE SHEJARI,",9921455501,
39,NANDHNI ROAD,EO18761810000003,RAJESH,23/02/2026,Cash Memo Printed,23/02/2026,53290,Any Day,40979667,Ms. DIKSHA R LOKURE,RUDRAPPA 370,ATTAR HOSPITAL NEAR,KOLHAPUR Maharashtra,8624073248,
40,K R PATIL SHALA,EO18761810000007,VISHWAS BHORE,21/02/2026,Cash Memo Printed,23/02/2026,53235,Any Day,40979753,TONE SHASHIKALA PRAKASH,K.R.PATIL HIGHSCOOL NEAR,FLAT NO.399,JAYSINGPUR,9765316030,
41,JAIN BASTI,EO18761810000007,VISHWAS BHORE,20/02/2026,Cash Memo Printed,21/02/2026,53091,Any Day,40979773,UPADHYE ANANT AAPASO,"SHAHUNAGAR, JAIN MANDIR",JAYSINGPUR,JAYSINGPUR.,9421726792,
42,DANOLI,EO18761810000010,MAHESH PATIL,15/02/2026,Cash Memo Printed,16/02/2026,52220,Any Day,41344824,MR. NAVANATH S KARANDE,62 -,- KAVATESAR ROAD,KOLHAPUR MAHARASHTRA Maha,7083562626,
43,DANOLI,EO18761810000010,MAHESH PATIL,20/02/2026,Cash Memo Printed,23/02/2026,53215,Any Day,41344912,MAHAT CHANDSAHEB MEHBUB.,"A/P-DANOLI,","TALUKA-SHIROL,",DIST-KOLHAPUR.,9156047260,
44,DANOLI,EO18761810000010,MAHESH PATIL,17/02/2026,Cash Memo Printed,18/02/2026,52742,Any Day,41345995,WALKUNJE KUMAR SHAMA.,"A/P-DANOLI,MAIN WADA","TAL-SHIROL,",DIST-KOP.,8855843705,
45,DANOLI,EO18761810000010,MAHESH PATIL,17/02/2026,Cash Memo Printed,18/02/2026,52740,Any Day,41346495,Mrs RAJMATI B CHOUGULE,01 01,HOUSE BHOKORE GALLY,KOLHAPUR Maharashtra,7385244065,
46,DANOLI,EO18761810000010,MAHESH PATIL,16/02/2026,Cash Memo Printed,16/02/2026,52221,Any Day,41346847,KATKAR JITENDRA SUBHASH,"A/P-DANOLI,","TAL-SHIROL, DIST-KOP.",BORCHATE GALLI(111),9767497557,
47,SHALA NO 9,EO18761810000007,VISHWAS BHORE,10/02/2026,Cash Memo Printed,12/02/2026,51318,Any Day,41347847,MORE ARUN GANPATI,SHALA NO 9,BANDU OZA SOMAR,NEAR KARNALE,9011039665,
48,JAIN BASTI,EO18761810000007,VISHWAS BHORE,16/02/2026,Cash Memo Printed,18/02/2026,52747,Any Day,41347956,PATIL SANDIP RAMGONDA,A/P- 385/2 SHAHUNAGAR,"JAIN BASTI SAMOR,",JAYSINGPUR.,9421204385,
49,SHAHUNAGAR,EO18761810000007,VISHWAS BHORE,22/02/2026,Cash Memo Printed,23/02/2026,53248,Any Day,41347978,ATTAR MUSHTAK AHAMAD,A/P- SHAHUNAGR PATEL,CHOWCK JAYSINGPUR.,,9226415020,
50,Arjunwad,EO18761810000006,HARUN FAKIR,19/02/2026,Cash Memo Printed,23/02/2026,53206,Any Day,41348304,KHOT BAHUSO BAPU,A/P- ARJUNWAD.,SHIVAJI CHOUK,,7057461227,
51,NANDHNI ROAD,EO18761810000003,RAJESH,22/02/2026,Cash Memo Printed,23/02/2026,53292,Any Day,41349489,Ms. SHAKILA D ZANJE,ZANJE MANJEL,MALU HIGH JAVAL NANDANI R,KOLHAPUR Maharashtra,9552797431,
52,Arjunwad,EO18761810000006,HARUN FAKIR,16/02/2026,Cash Memo Printed,23/02/2026,53270,Any Day,41351255,MR. PRAKASH B PATIL,675 TAI NIVAS,- MARATHI SHALA ROAD,KOLHAPUR MAHARASHTRA Maha,9518502018,
53,SHAHUNAGAR,EO18761810000007,VISHWAS BHORE,21/02/2026,Cash Memo Printed,23/02/2026,53246,Any Day,41351430,YADAV ANANDA SITARAM,"BANDAR HOSPITAL,","PATEL CHOWK, LAXMI MANDIR","SHEJARI, JAYSINGPUR.",9049197516,
54,NANDHNI ROAD,EO18761810000003,RAJESH,18/02/2026,Cash Memo Printed,23/02/2026,53280,Any Day,41351540,YADAV APPASO RAMU,"SAMBHAJI NAGAR,","NANDANI ROAD,NEAR PITACHI",GIRAN JAYSINGPUR.,9730474835,
55,Arjunwad,EO18761810000006,HARUN FAKIR,21/02/2026,Cash Memo Printed,23/02/2026,53208,Any Day,41351603,KHOT SANDIP SARJERAO.,ARJUNWAD.,KADAM MALA,,9850098843,
56,SHAHUNAGAR,EO18761810000007,VISHWAS BHORE,20/02/2026,Cash Memo Printed,20/02/2026,53027,Any Day,41351986,KHAIRE SHANTA DATTATRAY,A/P-NEAR GANESH MANDIR,ANPURNA NIVAS SHAUNAGAR,P-218 JAYSINGPUR.,8956512291,
57,SHAHUNAGAR,EO18761810000007,VISHWAS BHORE,18/02/2026,Cash Memo Printed,19/02/2026,52866,Any Day,41352149,MS. CHANDRABAI M KATTIMANI,305/1 -,- NANDANI ROAD,KOLHAPUR MAHARASHTRA Maha,8378912586,
58,DANOLI,EO18761810000010,MAHESH PATIL,20/02/2026,Cash Memo Printed,20/02/2026,52964,Any Day,41353059,CHOUGULE S. A.,DANOLI.,MALA BHAG,,9325000596,
59,yash chidanad,EO18761810000007,VISHWAS BHORE,19/02/2026,Cash Memo Printed,20/02/2026,53018,Any Day,41353762,CHOUGULE VIMAL PRAKASH,"C/O. A.G.LATTHE,",NEAR JAIN BASTI.,JAYSINGPUR.,9822767531,
60,SHAHUNAGAR,EO18761810000007,VISHWAS BHORE,22/02/2026,Cash Memo Printed,23/02/2026,53255,Any Day,41354246,MRS INDUMATI K KARNALE,AKHOLE HOSPITAL,MORE GARAJ JAVAL,AKOLE HOSIPITAL,9730866155,
61,SAMDOLE MALA,EO18761810000007,VISHWAS BHORE,23/02/2026,Cash Memo Printed,23/02/2026,53262,Any Day,41354298,MR. ARVIND T REPE,1143 -,SAMDOLE MALA SHAHUNAGAR,KOLHAPUR MAHARASHTRA Maha,9767007514,
62,SHAHUNAGAR,EO18761810000007,VISHWAS BHORE,19/02/2026,Cash Memo Printed,19/02/2026,52875,Any Day,41354305,MR. PUNAMKUMAR A LATTHE,478 1 ST FLOOR,- KACHARE HOU SOC MEIN RO,KOLHAPUR MAHARASHTRA Maha,9730422423,
63,SHAHUNAGAR,EO18761810000007,VISHWAS BHORE,20/02/2026,Cash Memo Printed,21/02/2026,53100,Any Day,41354372,LOKARE LAXMIBAI BABASO,"PLOT NO. 107,","SHAHU NAGAR,",JAYSINGPUR.,9765952324,
64,SHAHUNAGAR,EO18761810000007,VISHWAS BHORE,13/02/2026,Cash Memo Printed,13/02/2026,51408,Any Day,41354415,NADAF AYESHA AZAD.,"A/P. PLOT NO.604/1,","SHAHUNAGAR,KUBHAR GALLI",TAL. SHIROL.,7887708614,
65,SHIROL,EO18761810000006,HARUN FAKIR,21/02/2026,Cash Memo Printed,23/02/2026,53272,Any Day,41355672,KHATEDAR CHAYA SURESH,RAMABAI,HOUSING SOCITY,DATT NAGAR,8975891934,
66,DANOLI,EO18761810000010,MAHESH PATIL,18/02/2026,Cash Memo Printed,18/02/2026,52745,Any Day,41356815,NIMBALKAR KUMAR TUKARAM,DANOLI ROAD MALABHAG,BACK SIDE OF RELWAY STATI,ON,9527336004,
67,Arjunwad,EO18761810000006,HARUN FAKIR,22/02/2026,Cash Memo Printed,23/02/2026,53210,Any Day,41357035,CHOUGULE DILIP ANNASO,ARJUNWAD,MALI RASTA,,9579821008,
68,Arjunwad,EO18761810000006,HARUN FAKIR,16/02/2026,Cash Memo Printed,23/02/2026,53204,Any Day,41357097,MR. DILIP H PATIL,PATIL GALII,TOWAR JAVAL,KOLHAPUR MAHARASHTRA Maha,7350058400,
69,SHAHUNAGAR,EO18761810000002,MM MADAM,19/02/2026,Cash Memo Printed,19/02/2026,52935,Any Day,41358210,MRS POOJA  P PATIL,155 1 ST FLOOR,- MEIN ROAD,KOLHAPUR MAHARASHTRA Maha,7841053476,
70,DANOLI,EO18761810000010,MAHESH PATIL,19/02/2026,Cash Memo Printed,20/02/2026,52956,Any Day,41359391,SAWAMI VIMAL SHANKAR,HANUMAN NAGAR,RAJPUT MALA,TAL-SHIROL DIST-KOLHAPUR,9665775170,
71,NANDHNI ROAD,EO18761810000003,RAJESH,16/02/2026,Cash Memo Printed,16/02/2026,52344,Any Day,41359663,KARANDE GANESH NAYKU,NANDNI ROAD,COLLAGE GET SAMOR,SHAHUNAGAR JAYSINGPUR.,9921172689,
72,DANOLI,EO18761810000010,MAHESH PATIL,22/02/2026,Cash Memo Printed,23/02/2026,53226,Any Day,41360384,PATADE KRUSHNA DATTAU,CHANDULI VASAHAT,DHARANGRUST,DANOLI,7028031979,
73,SHAHUNAGAR,EO18761810000007,VISHWAS BHORE,22/02/2026,Cash Memo Printed,23/02/2026,53256,Any Day,41360403,MOHITE CHAYA ARJUN,JAYBHAVANI CHOWCK,SHAHUNAGAR,JAYSINGPUR,8975943037,
74,DANOLI,EO18761810000010,MAHESH PATIL,23/02/2026,Cash Memo Printed,23/02/2026,53229,Any Day,41360816,CHANDOBA SHITAL SHAMGONDA,DANOLI,TOP GODA GALLI,TAL-SHIROL,9823612753,
75,DANOLI,EO18761810000010,MAHESH PATIL,20/02/2026,Cash Memo Printed,23/02/2026,53218,Any Day,41360836,GAVADE INDU GABARU,DANOLI,NEAR DARGA,,7588064358,
76,SHAHUNAGAR,EO18761810000007,VISHWAS BHORE,23/02/2026,Cash Memo Printed,23/02/2026,53267,Any Day,41360866,PATIL M D,SAHHUNAGAR,SUDARSHAN CHOWCK,JASYINGPUR.,9552731111,
77,SHAHUNAGAR,EO18761810000007,VISHWAS BHORE,20/02/2026,Cash Memo Printed,21/02/2026,53099,Any Day,41360895,MULLA S M,MANNAT MANZILP.NO143/2,SHIVSHAKTI COLONY MANGAV,PLOT REDEKAR DUKAN SAMOR,9421200427,
78,SHAHUNAGAR,EO18761810000007,VISHWAS BHORE,16/02/2026,Cash Memo Printed,18/02/2026,52767,Any Day,41360995,MS. PADMA J GIDDE,256 -,- MAIN ROAD,KOLHAPUR MAHARASHTRA Maha,7264945461,
79,MUJAWAR GALLY,EO18761810000007,VISHWAS BHORE,22/02/2026,Cash Memo Printed,23/02/2026,53238,Any Day,41361062,PATIL PRABHA YASHODHAN,SHAHUNAGAR PRADYA,BUILDING NANDNI NAKA,JAYSINGPUR.,8551919800,
80,DANOLI,EO18761810000010,MAHESH PATIL,23/02/2026,Cash Memo Printed,23/02/2026,53228,Any Day,41361239,HARALE MAHADEV TUKARAM,DANOLI,DHANGAR WADA,TAL-SHIROL DIST-KOLHAPUR,7276330510,
81,NANDHNI ROAD,EO18761810000003,RAJESH,18/02/2026,Cash Memo Printed,23/02/2026,53279,Any Day,41361247,ANANTPURE GAJANAN ISHWARA,NEAR SHIVANADN PITHACHI,GIRNI NANDNI ROAD,SAMBHAJI NAGAR J.PUR,8888462737,
82,DANOLI,EO18761810000010,MAHESH PATIL,18/02/2026,Cash Memo Printed,20/02/2026,52955,Any Day,41361650,DALAVI SURYAKANT SHIVAJI,A/P DANOLI MUJAWAR GALLI,TAL SHIROL,DIST KOLHAPUR.,9595921957,
83,SHAHUNAGAR,EO18761810000007,VISHWAS BHORE,22/02/2026,Cash Memo Printed,23/02/2026,53251,Any Day,41362554,MR. SUSHANT B CHAVAN,9111 DATT NIWAS,SHAHUNAGAR ,KOLHAPUR MAHARASHTRA Maha,9527198061,
84,DANOLI,EO18761810000010,MAHESH PATIL,23/02/2026,Cash Memo Printed,23/02/2026,53230,Any Day,41364962,MUJAWAR JAIDABI MAULA,"DANOLI,",MUJAWAR GALLI.,TAL-SHIROL DIST-KOLHAPUR,9373503537,
85,SHAHUNAGAR,EO18761810000007,VISHWAS BHORE,21/02/2026,Cash Memo Printed,21/02/2026,53105,Any Day,41365177,MRS SAVITA S VALVEKAR,- 1 ST FLOOR,- MEIN ROAD,KOLHAPUR MAHARASHTRA Maha,8149716935,
86,SHAHUNAGAR,EO18761810000007,VISHWAS BHORE,15/02/2026,Cash Memo Printed,16/02/2026,51782,Any Day,41365237,HIRUKADE ARVIND DADA,"SHAHU NAGAR,","MANGAVE SAMOR,",PLOT NO 634/2,9423592588,
87,CHANDTARA MAJJI,EO18761810000007,VISHWAS BHORE,22/02/2026,Cash Memo Printed,23/02/2026,53213,Any Day,41365822,NADAF AYNUDDIN SHABUDDIN,CHAND TARA MASHID JAVAL,SHELKE CORNER,PLOT NO.2772,9423285010,
88,52 zopadpatti,EO18761810000007,VISHWAS BHORE,20/02/2026,Cash Memo Printed,20/02/2026,53034,Any Day,41366199,JADHAV LAXMIBAI GANPATI.,"SHAHUNAGAR,JAY BHAVANI",LAHUTEDUKAN MAGE,TAL. SHIROL.,9405774094,
89,SHAHUNAGAR,EO18761810000007,VISHWAS BHORE,16/02/2026,Cash Memo Printed,18/02/2026,52769,Any Day,41367333,GHORPADE SACHIN SHANMUKH,SATISH DALVAI SAMOR,SUDHRSHAN CHOUK,SATISH DALVAI SAMOR,9623286010,
90,SHAHUNAGAR,EO18761810000007,VISHWAS BHORE,21/02/2026,Cash Memo Printed,23/02/2026,53243,Any Day,47030989,GANPULE RISHIKESH ARUN,"236,GANPATI MANDIR JAVAL,",NANDANI ROAD,JAYSINGPUR.,9922633821,
91,DANOLI,EO18761810000010,MAHESH PATIL,22/02/2026,Cash Memo Printed,23/02/2026,53223,Any Day,51540436,KAMBALE ABA RAMU,"DANOLI,",MATANG SAMAJ.,TAL-SHIROL DIST-KOLHAPUR,8605593685,
92,Arjunwad,EO18761810000006,HARUN FAKIR,22/02/2026,Cash Memo Printed,23/02/2026,53209,Any Day,52266367,VALEKAR SANJAY NARAYAN  ,318 1,HOUSE,KOLHAPUR Maharashtra,9096521661,
93,NANDHNI ROAD,EO18761810000003,RAJESH,15/02/2026,Cash Memo Printed,16/02/2026,52340,Any Day,52380652,BAGWAN MUNNA HASANSAB,"CHIRMURE BHATTI SAMOR,","JAYSINGNAGAR,","NANDANI ROAD,JAYSINGPUR.",9975406491,
94,DANOLI,EO18761810000010,MAHESH PATIL,21/02/2026,Cash Memo Printed,23/02/2026,53220,Any Day,53131863,POWAR SHITAL BALASO,POWAR GALLI,DANOLI,TAL SHIROL,9975163850,
95,DANOLI,EO18761810000010,MAHESH PATIL,23/02/2026,Cash Memo Printed,23/02/2026,53232,Any Day,54224606,PATIL UTTAM PANDURANG,"CHNDOLI VASAHAT,",DANOLI.,TAL-SHIROL DIST-KOLHAPUR,9545791024,
96,SHAHUNAGAR,EO18761810000007,VISHWAS BHORE,19/02/2026,Cash Memo Printed,19/02/2026,52873,Any Day,55934875,CHIKODE LIYAKAT JAHANGIR,"KADAGE MALA,CHINTAMANI","KIRANA STORE,POST MAGE",JAYSINGPUR.,7249542533,
97,NANDHNI ROAD,EO18761810000003,RAJESH,21/02/2026,Cash Memo Printed,23/02/2026,53286,Any Day,59905341,MR. VITTHAL V SAWANT,63 H NO 63,SAMBHAJI  NAGAR NANDANI  ,KOLHAPUR MAHARASHTRA Maha,9326793890,
98,Arjunwad,EO18761810000006,HARUN FAKIR,18/02/2026,Cash Memo Printed,23/02/2026,53271,Any Day,60492243,MR. RAJENDRA B DUDHAGAVE,2564 -,- MAIN ROAD,KOLHAPUR Maharashtra,9021182436,
99,SHAHUNAGAR,EO18761810000007,VISHWAS BHORE,19/02/2026,Cash Memo Printed,20/02/2026,53025,Any Day,62991907,MR. BALSING S RAJPUT,420/2 -,- BAYPASS ROAD,KOLHAPUR MAHARASHTRA Maha,9890413874,
100,Arjunwad,EO18761810000006,HARUN FAKIR,23/02/2026,Cash Memo Printed,23/02/2026,53211,Any Day,63021489,MR. RAJENDRA A GURAV,145/2 -,1 A MAGDUM GALLI,towar javal,9921568295,
101,SHAHUNAGAR,EO18761810000007,VISHWAS BHORE,21/02/2026,Cash Memo Printed,23/02/2026,53247,Any Day,65046370,MR. DHULOBA S SURYAVANSHI,591 -,1 FLOOR NAIKBA CORNAR ROA,KOLHAPUR MAHARASHTRA Maha,9623858189,
102,SAMDOLE MALA,EO18761810000007,VISHWAS BHORE,20/02/2026,Cash Memo Printed,21/02/2026,53092,Any Day,67588300,MR. ASAD A SHEKH,SALMA SECOND,SALMA BUILDING SAMDOLE MA,KOLHAPUR MAHARASHTRA Maha,9860692666,
103,SHAHUNAGAR,EO18761810000007,VISHWAS BHORE,20/02/2026,Cash Memo Printed,21/02/2026,53096,Any Day,67986491,MR. HABIB S PATHAN    ,125 5,6,KOLHAPUR Maharashtra,9922772568,
104,yash chidanad,EO18761810000007,VISHWAS BHORE,21/02/2026,Cash Memo Printed,23/02/2026,53275,Any Day,69654488,PARSHURAM SINGH,GHAR NO 2618 NANDHNI ROAD,"SHAHUNAGAR,JAYSINGPUR",TAL-SHIROL DIST-KOLHAPUR,9860035510,
105,SHAHUNAGAR,EO18761810000007,VISHWAS BHORE,22/02/2026,Cash Memo Printed,23/02/2026,53250,Any Day,70393465,MR. DILIP D CHOUGULE,390 1,SHAHUNAGAR MAHAVIR CHOWK,KOLHAPUR MAHARASHTRA Maha,9665290108,
106,NANDHNI ROAD,EO18761810000003,RAJESH,13/02/2026,Cash Memo Printed,16/02/2026,52333,Any Day,72706717,MRS LATA B RAJPUT,9 TH LANE SHANDAR CHOWK,RAJIV GANDHI NAGER 9 TH L,KOLHAPUR MAHARASHTRA Maha,7385250893,
107,UDAGAON,EO18761810000003,RAJESH,20/02/2026,Cash Memo Printed,23/02/2026,53277,Any Day,72776968,Mrs SAHIBA S GADHYAL  ,01 01,HOUSE,KOLHAPUR Maharashtra,8149702561,
108,UDAGAON,EO18761810000003,RAJESH,23/02/2026,Cash Memo Printed,23/02/2026,53278,Any Day,72907138,MR. PRATIBHA V KURANE,22 25,25 SHIROL ROAD,KOLHAPUR MAHARASHTRA Maha,9545445535,
109,SHAHUNAGAR,EO18761810000007,VISHWAS BHORE,19/02/2026,Cash Memo Printed,20/02/2026,53008,Any Day,73178593,MS. SUVARNA R TARE,5 4,6 K R PATIL SCHOOL JAVAL,KOLHAPUR MAHARASHTRA Maha,8087996833,
110,NANDHNI ROAD,EO18761810000003,RAJESH,19/02/2026,Cash Memo Printed,23/02/2026,53283,Any Day,73659954,MRS SHOBHA M KALKUTGI,55 55,66 NANDANI NAKA,KOLHAPUR MAHARASHTRA Maha,8182820143,
111,DANOLI,EO18761810000010,MAHESH PATIL,20/02/2026,Cash Memo Printed,23/02/2026,53216,Any Day,77105490,MS. KASHABAI G SHINDE,4 6,3 SONAR VADA,KOLHAPUR MAHARASHTRA Maha,9022449168,
112,JAMBHALI,EO18761810000006,HARUN FAKIR,23/02/2026,Cash Memo Printed,23/02/2026,53360,Any Day,77173182,MRS ANITA S SHEVALE,25 12,12 GAV BHAG,KOLHAPUR MAHARASHTRA Maha,9503419252,
113,JAMBHALI,EO18761810000006,HARUN FAKIR,23/02/2026,Cash Memo Printed,23/02/2026,53357,Any Day,80616908,Mr. RAKESH S KAMBAL,01 78,98 SOYABIN FACTORY ROAD,KOLHAPUR Maharashtra,9637980234,
114,CHANDTARA MAJJI,EO18761810000007,VISHWAS BHORE,19/02/2026,Cash Memo Printed,20/02/2026,53035,Any Day,80705080,MR. NASIR K GHODAKE,01 01,HOUSE SHAHUNAGR,KOLHAPUR MAHARASHTRA Maha,8793811093,
115,GALLI NO. 1 TO 19,EO18761810000003,RAJESH,21/02/2026,Cash Memo Printed,23/02/2026,53234,Any Day,81184333,MR. JASWANTSINGH U NIKAM,GALLY NO 2,PRIME REJENCY,2 ND FLOOR,7709245182,
116,SHAHUNAGAR,EO18761810000007,VISHWAS BHORE,20/02/2026,Cash Memo Printed,21/02/2026,53097,Any Day,83495613,MR. AJIT J KOLE,01 01,HOUSE SHAHUNAGAR,KOLHAPUR MAHARASHTRA Maha,9921017555,
117,SHAHUNAGAR,EO18761810000007,VISHWAS BHORE,20/02/2026,Cash Memo Printed,20/02/2026,53016,Any Day,85806389,MR. SURESH  N GADEEVADAR,- GROUND FLLOR,- MEIN ROAD,KOLHAPUR Maharashtra,9503590900,
118,Arjunwad,EO18761810000006,HARUN FAKIR,19/02/2026,Cash Memo Printed,23/02/2026,53207,Any Day,86688484,MR. ANNASO B KHOT,- MAIN ROAD,- MAIN ROAD,KOLHAPUR Maharashtra,9657165333,
119,SHAHUNAGAR,EO18761810000007,VISHWAS BHORE,22/02/2026,Cash Memo Printed,23/02/2026,53253,Any Day,88291751,Mrs ALMAS M ATTAR,01 01,HOUSE SHAHUNGAR,KOLHAPUR Maharashtra,9130786313,
120,NANDHNI ROAD,EO18761810000003,RAJESH,20/02/2026,Cash Memo Printed,23/02/2026,53285,Any Day,88398467,Mrs HALIMA A MUJAWAR,54 65,BEGHAR VASAHAT NANADANI R,KOLHAPUR Maharashtra,9673055636,
121,JAYBHAVANI CHOU,EO18761810000007,VISHWAS BHORE,20/02/2026,Cash Memo Printed,21/02/2026,53123,Any Day,94149597,Mr. TIRTHANKAR  M TARE,C S NO127/A/B/C/D,GALLY NO 2,PRIME REGENCY,7875689386,
122,GANPATI MANDIR,EO18761810000007,VISHWAS BHORE,21/02/2026,Cash Memo Printed,23/02/2026,53233,Any Day,103377122,Mr. SANKESHWARI BASAPPA NAGAPP,GALLY NO 2,GORABA MANDIR,JAVAL RALWAY LINE,8975375384,
123,SHAHUNAGAR,EO18761810000007,VISHWAS BHORE,22/02/2026,Cash Memo Printed,23/02/2026,53265,Any Day,106090135,Mr. FIROJ M MAINDARGE,01 01,HOUSE NANADANI ROAD,KOLHAPUR Maharashtra,9423267800,
124,KADAGE MALA,EO18761810000003,RAJESH,23/02/2026,Cash Memo Printed,23/02/2026,53349,Any Day,106837292,Mrs NARMADA V PATEL,KRISHANKUR 13,HOUSE GALLY NO 13,KOLHAPUR Maharashtra,9960328954,
125,SHAHUNAGAR,EO18761810000007,VISHWAS BHORE,21/02/2026,Cash Memo Printed,23/02/2026,53264,Any Day,109262612,Mr. KIRAN R RAUT,RAUT 3492,HOUSE MAN ROAD,KOLHAPUR Maharashtra,8605076565,
126,SHAHUNAGAR,EO18761810000007,VISHWAS BHORE,23/02/2026,Cash Memo Printed,23/02/2026,53259,Any Day,109576397,Mr. SANDE RAJIYA DHONDILAL  ,YASH MEDIC CH MAGE,BUILDING NANDANI NAKA,KOLHAPUR Maharashtra,9730851984,
127,AMBEDAKAR SO,EO18761810000003,RAJESH,23/02/2026,Cash Memo Printed,23/02/2026,53350,Any Day,110908853,Mr. ROHAN  S KAMBLE ,BUDDH NIVA 65,420 MAIN ROAD ,KOLHAPUR Maharashtra,9623199407,
128,JAMBHALI,EO18761810000006,HARUN FAKIR,23/02/2026,Cash Memo Printed,23/02/2026,53359,Any Day,110944485,Miss SWAPNALI  B CHAVAN ,420 510,JAMBHALI  MAL BHAG ,KOLHAPUR Maharashtra,8830873988,
129,SAMDOLE MALA,EO18761810000007,VISHWAS BHORE,22/02/2026,Cash Memo Printed,23/02/2026,53261,Any Day,115969871,Mr. MR MAHESH VASANT SALUNKHE ,01 106,SAMDOLE MALA IRNAGAMMA MA,KOLHAPUR Maharashtra,7030366217,
130,SHIVSHAKTI COLO,EO18761810000007,VISHWAS BHORE,21/02/2026,Cash Memo Printed,23/02/2026,53273,Any Day,117796343,Mr. RAJENDRA N KOLI,KOLI SADAN,SHIVSHAKTI COLONY NEAR NA,KOLHAPUR Maharashtra,8975714059,
131,HERWADE COLONY,EO18761810000003,RAJESH,23/02/2026,Cash Memo Printed,23/02/2026,53344,Any Day,120565250,Mr. DURGAPRASAD H PATEL,CHOUGULE JAY BHAVANI,RIKSHA STOP JAVAL SHAHUNA,KOLHAPUR Maharashtra,7987715690,
132,KONDIGRE,EO18761810000003,RAJESH,23/02/2026,Cash Memo Printed,23/02/2026,53345,Any Day,120701299,Mr. PRATIK  S MAGDUM,OM  SADAN,KONDIGRE FATHA  HANUMAN M,KOLHAPUR Maharashtra,8317276713,
133,DANOLI,EO18761810000010,MAHESH PATIL,19/02/2026,Cash Memo Printed,20/02/2026,52958,Any Day,120891340,Mrs RUPALI P BANNE,BANNE MARATHI ,SHALE JAVAL DANOLI ROAD,KOLHAPUR Maharashtra,9699774694,
134,SHIVSHAKTI COLO,EO18761810000003,RAJESH,23/02/2026,Cash Memo Printed,23/02/2026,53346,Any Day,120894268,Mrs KARANDE DEEPALI LAXMAN  ,SAMRATH 31 2 FLOOR,C/O DATTATRY KADAM SHIV S,KOLHAPUR Maharashtra,8788524669,
135,KAVATHESAR,EO18761810000003,RAJESH,23/02/2026,Cash Memo Printed,23/02/2026,53347,Any Day,121233642,Mrs JAYSHRI M TERDALE,MARATHA  CHOUK,MAN ROAD MAHADEV MANDIR,KOLHAPUR Maharashtra,9970671458,
136,SHAHUNAGAR,EO18761810000007,VISHWAS BHORE,19/02/2026,Cash Memo Printed,20/02/2026,53007,Any Day,121260838,Mrs DEEPALI A DHOLE,DHOLE 129,SHIVSHAKTI COLONY SHAHUNA,KOLHAPUR Maharashtra,8459732472,
137,SHALA NO 9,EO18761810000007,VISHWAS BHORE,22/02/2026,Cash Memo Printed,23/02/2026,53260,Any Day,121790473,Mrs PRIYA PRASHANT TONE   ,PLOT NO 39 SHAHUNAGAR,JAIN BASTI NEAR JAIN TEMP,KOLHAPUR Maharashtra,8806470418,
138,SHIVSHAKTI COLO,EO18761810000007,VISHWAS BHORE,20/02/2026,Cash Memo Printed,20/02/2026,53032,Any Day,122205160,Mr. MANGESH DATTATRAY JADHAV  ,SASHWAT APPERTMENT,T1 3RD FILLOR,KOLHAPUR Maharashtra,7990090677,
139,HERWADE COLONY,EO18761810000003,RAJESH,23/02/2026,Cash Memo Printed,23/02/2026,53348,Any Day,122296864,Mr. SWAPNIL SUBHASH MANE   ,KAPIDWAS 3 RD FLOOR,HERWADE COLONY MAN ROAD,KOLHAPUR Maharashtra,7249155125,

